쿠팡(주),전자상거래 소매업,9년차,"대기업,1000대기업","6,372명",13조,95%
(주)삼구아이앤씨,사업시설 유지ㆍ관리 서비스업,46년차,중견기업,"19,355명",,
(주)하이브,음악 및 기타 오디오물 출판업,17년차,"중견기업,1000대기업",370명,4533억,9%
(주)맨파워코리아,상용 인력 공급 및 인사관리 서비스업,23년차,중견기업,"4,841명",2223억,15%
(주)맨파워그룹코리아,상용 인력 공급 및 인사관리 서비스업,7년차,중견기업,"2,789명",,
(주)스타벅스커피코리아,커피 전문점,25년차,"대기업,1000대기업","17,698명",1조,3%
(주)사람인에이치에스,임시 및 일용 인력 공급업,6년차,중견기업,"1,300명",,
(주)트랜스코스모스코리아,콜센터 및 텔레마케팅 서비스업,21년차,중견기업,"8,088명",2997억,7%
(주)에듀윌,온라인 교육 학원,20년차,중견기업,박명규,1192억,25%
(주)아성다이소,그 외 기타 생활용품 도매업,30년차,"중견기업,1000대기업","10,418명",2조,8%
(주)야놀자,데이터베이스 및 온라인정보 제공업,15년차,"중견기업,스타트업",793명,1513억,105%
투썸플레이스(주),커피 전문점,4년차,대기업,"2,642명",3640억,11%
테슬라코리아(유),자동차 신품 판매업,7년차,대기업,216명,7162억,296%
(주)더본코리아,한식 음식점업,28년차,중견기업,736명,1200억,17%
푸르덴셜생명보험(주),생명 보험업,33년차,"대기업,1000대기업",547명,2조,4%
(주)윌앤비전,상용 인력 공급 및 인사관리 서비스업,16년차,대기업,"3,838명",,
(주)디에이치엘코리아,"화물운송 중개, 대리 및 관련 서비스업",22년차,"대기업,1000대기업","1,413명",5895억,31%
(주)아워홈,기관 구내식당업,22년차,"중견기업,1000대기업","10,097명",1조,4%
케이텍맨파워(주),상용 인력 공급 및 인사관리 서비스업,24년차,중견기업,"10,534명",,
(주)이디야,비알코올음료 도매업,20년차,중견기업,422명,2239억,1%
명화공업(주),그 외 자동차용 신품 부품 제조업,65년차,"1000대기업,중견기업",571명,,
농협은행(주),국내은행,10년차,"대기업,1000대기업","13,669명",13조,8%
이투스교육(주),일반 교과 학원,24년차,중견기업,668명,,
(주)스타쉽엔터테인먼트,매니저업,14년차,대기업,115명,,
(주)커리어넷,데이터베이스 및 온라인정보 제공업,19년차,중견기업,350명,,
(주)에치와이,액상시유 및 기타 낙농제품 제조업,53년차,"중견기업,1000대기업","1,030명",,
캐논코리아비즈니스솔루션(주),사무용 기계 및 장비 제조업,37년차,"대기업,1000대기업","1,204명",5458억,5%
(주)커피빈코리아,커피 전문점,22년차,중견기업,"1,415명",,
세아상역(주),남자용 겉옷 제조업,,"대기업,1000대기업",852명,2조,13%
콘텐츠웨이브(주),"영화, 비디오물 및 방송프로그램 배급업",10년차,대기업,,1802억,85%
효성티앤에스(주),사무용 기계 및 장비 제조업,36년차,"대기업,1000대기업",830명,7129억,3%
(주)유니에스,임시 및 일용 인력 공급업,32년차,중견기업,"17,414명",,
(주)동화세상에듀코,온라인 교육 학원,23년차,중견기업,124명,,
신라스테이(주),호텔업,8년차,대기업,461명,,
(주)아데코코리아,상용 인력 공급 및 인사관리 서비스업,23년차,중견기업,"1,690명",775억,4%
에이치엔아이엔씨(주),컴퓨터시스템 통합 자문 및 구축 서비스업,27년차,중견기업,350명,,
한영회계법인,공인회계사업,40년차,중견기업,"1,201명",3880억,411%
(주)포스코오앤엠,사업시설 유지ㆍ관리 서비스업,32년차,대기업,964명,1889억,9%
(주)비즈테크파트너스,컴퓨터시스템 통합 자문 및 구축 서비스업,19년차,대기업,649명,1104억,6%
티케이엘리베이터코리아(주),승강기 제조업,43년차,"1000대기업,중견기업","1,495명",7393억,6%
데상트코리아(주),남녀용 겉옷 및 셔츠 도매업,22년차,"1000대기업,중견기업",552명,,
위티아(주),임시 및 일용 인력 공급업,17년차,중견기업,548명,335억,10%
서울보증보험(주),보증 보험업,53년차,"대기업,1000대기업","1,474명",,
(주)프로에스콤,경비 및 경호 서비스업,29년차,중견기업,"4,513명",2108억,8%
현대종합금속(주),피복 및 충전 용접봉 제조업,47년차,중견기업,844명,,
(주)금강주택,아파트 건설업,40년차,중견기업,226명,,
지멘스(주),전기용 기계ㆍ장비 및 관련 기자재 도매업,33년차,"대기업,1000대기업",711명,3471억,3%
에이오엠지(주),방송 프로그램 제작업,9년차,대기업,,136억,12%
한국후지필름비즈니스이노베이션(주),사무용 기계 및 장비 제조업,48년차,"대기업,1000대기업",661명,2588억,6%
(주)스타럭스,가방 및 보호용 케이스 도매업,21년차,중견기업,656명,,
(주)아트웍스코리아,전자상거래 소매 중개업,22년차,대기업,70명,,
머크(주),의약품 도매업,33년차,대기업,345명,3261억,21%
(주)바바패션,여자용 겉옷 제조업,29년차,"중견기업,1000대기업",632명,,
(주)천재교육,교과서 및 학습서적 출판업,36년차,"중견기업,1000대기업",492명,,
코오롱인더스트리(주) FnC부문,섬유·의류·패션,65년차,중견기업,"1,018명",,
(주)비케이알,"피자, 햄버거, 샌드위치 및 유사 음식점업",10년차,"대기업,1000대기업",961명,5713억,14%
마리오쇼핑(주),대형 마트,35년차,"대기업,1000대기업",50명,,
씨제이올리브네트웍스(주),"컴퓨터 및 주변장치, 소프트웨어 도매업",27년차,"대기업,1000대기업","1,097명",,
(주)우리홈쇼핑,기타 통신 판매업,21년차,대기업,"1,029명",1조,9%
(주)이니스프리,화장품 및 화장용품 도매업,13년차,"대기업,1000대기업",358명,,
지멘스헬시니어스(주),의료기기 도매업,5년차,대기업,이명균,5736억,2%
(주)코스콤,자료 처리업,,"중견기업,1000대기업",791명,3103억,5%
(주)제때,기타 육상 운송지원 서비스업,33년차,중견기업,222명,2261억,3%
강산건설(주),토목시설물 건설업,40년차,중견기업,277명,1952억,6%
(주)서해종합건설,주거용 건물 건설업,38년차,중견기업,161명,,
(주)이랜드월드,"근무복, 작업복 및 유사의복 제조업",40년차,"대기업,1000대기업","1,583명",,
(주)교보문고,"서적, 신문 및 잡지류 소매업",42년차,대기업,"1,085명",6941억,14%
라인게임즈(주),유선 온라인 게임 소프트웨어 개발 및 공급업,10년차,대기업,307명,644억,211%
(주)삼구에프에스,임시 및 일용 인력 공급업,19년차,중견기업,"4,135명",,
(주)리치몬트코리아,시계 및 귀금속제품 도매업,25년차,"대기업,1000대기업","1,083명",1조,19%
(주)지에스아이티엠,응용 소프트웨어 개발 및 공급업,16년차,대기업,765명,2002억,16%
(주)제니엘,상용 인력 공급 및 인사관리 서비스업,26년차,중견기업,"6,344명",2325억,7%
롯데그룹,"대기업,1000대기업",55년차,"대기업,1000대기업",,,
네파(주),"근무복, 작업복 및 유사의복 제조업",10년차,중견기업,159명,,
(주)에스티유니타스,기타 교육지원 서비스업,12년차,중견기업,912명,2916억,8%
(주)알라딘커뮤니케이션,전자상거래 소매업,24년차,중견기업,980명,4294억,20%
(주)그린카,자동차 임대업,13년차,"대기업,1000대기업",118명,448억,40%
대상에프앤비(주),기타 과실ㆍ채소 가공 및 저장 처리업,26년차,중견기업,96명,686억,111%
(주)위메프,전자상거래 소매 중개업,,"중견기업,1000대기업",,,
동원로엑스(주),일반 화물자동차 운송업,11년차,대기업,"1,754명",9389억,58%
케이투코리아(주),기타 신발 제조업,26년차,중견기업,323명,3522억,2%
(주)리치앤코,보험 대리 및 중개업,16년차,대기업,514명,3311억,28%
오티스엘리베이터(유),기타 물품 취급장비 제조업,23년차,중견기업,"1,602명",,
한국미쓰비시엘리베이터(주),승강기 제조업,21년차,중견기업,729명,2644억,9%
한국화이자제약(주),의약품 도매업,63년차,"대기업,1000대기업",411명,3918억,12%
안진회계법인,공인회계사업,,중견기업,"2,808명",3453억,6%
(주)정림건축종합건축사사무소,건축설계 및 관련 서비스업,,중견기업,819명,1151억,8%
(주)발렉스서비스,사업시설 유지ㆍ관리 서비스업,12년차,중견기업,"4,000명",2253억,15%
프라다코리아(유),의복 액세서리 및 모조 장신구 소매업,27년차,중견기업,606명,2714억,5%
한성자동차(주),자동차 신품 판매업,16년차,대기업,"1,914명",,
(주)아스타아이비에스,사업시설 유지ㆍ관리 서비스업,27년차,중견기업,"2,625명",,
하이엠솔루텍(주),기타 일반 기계 및 장비 수리업,16년차,대기업,"1,482명",1862억,7%
(주)엘지에너지솔루션,축전지 제조업,,대기업,"7,443명",,
피에스앤마케팅(주),통신기기 소매업,13년차,대기업,"2,097명",1조,6%
동국시스템즈(주),시스템 소프트웨어 개발 및 공급업,25년차,대기업,308명,,
(주)해안종합건축사사무소,건축설계 및 관련 서비스업,28년차,중견기업,976명,1530억,23%
한솔섬유(주),편조의복 제조업,30년차,"1000대기업,중견기업",574명,,
(주)인동에프엔,여자용 겉옷 제조업,26년차,중견기업,327명,,
(주)이마트24,체인화 편의점,16년차,대기업,"1,249명",1조,20%
젤리피쉬엔터테인먼트(주),음악 및 기타 오디오물 출판업,15년차,대기업,49명,,
웰컴저축은행(주),상호저축은행 및 기타 저축기관,9년차,중견기업,776명,3957억,8%
(주)초록마을,과실류 도매업,23년차,중견기업,165명,1927억,18%
동아제약(주),완제 의약품 제조업,9년차,"1000대기업,중견기업",912명,4148억,4%
롯데지에프알(주),여자용 겉옷 제조업,19년차,대기업,113명,,
(주)신성씨앤티,플라스틱 접착처리 제품 제조업,22년차,중견기업,126명,,
유한킴벌리(주),위생용 종이제품 제조업,52년차,"대기업,1000대기업","1,519명",1조,12%
(주)텐바이텐,"문구용품, 회화용품, 사무용품 도매업",21년차,대기업,219명,382억,9%
메트라이프생명보험(주),생명 보험업,,"대기업,1000대기업",608명,2조,7%
(주)풀무원푸드앤컬처,기관 구내식당업,27년차,중견기업,"2,237명",,
(주)일룸,생활용 가구 도매업,15년차,중견기업,180명,3123억,30%
패션그룹형지(주),여자용 겉옷 제조업,24년차,"중견기업,1000대기업",209명,,
(주)혜인식품,육류 가공식품 도매업,16년차,중견기업,49명,551억,6%
(주)와이비엠,교과서 및 학습서적 출판업,40년차,중견기업,353명,,
(주)한국존슨앤드존슨,화장품 제조업,,"대기업,1000대기업",247명,,
유니코로지스틱스(주),"화물운송 중개, 대리 및 관련 서비스업",20년차,중견기업,119명,,
(주)티빙,"영화, 비디오물 및 방송프로그램 배급업",2년차,대기업,81명,,
(주)삼영기업,내부 전기배선 공사업,28년차,중견기업,284명,1885억,27%
자라리테일코리아(주),남녀용 겉옷 및 셔츠 도매업,15년차,"중견기업,1000대기업","1,461명",4155억,13%
장금상선(주),외항 화물 운송업,23년차,"중견기업,1000대기업",376명,1조,4%
(주)윕스,데이터베이스 및 온라인정보 제공업,,중견기업,445명,343억,2%
(주)유베이스,콜센터 및 텔레마케팅 서비스업,24년차,중견기업,"10,641명",3941억,3%
한국환경산업기술원,환경 행정,13년차,중견기업,600명,3888억,16%
(주)약진통상,편조의복 제조업,,"대기업,1000대기업",419명,5864억,8%
현대머티리얼(주),1차 금속제품 도매업,12년차,대기업,71명,2179억,8%
에어리퀴드코리아(주),산업용 가스 제조업,26년차,"대기업,1000대기업",146명,,
엠즈씨드(주),커피 전문점,9년차,중견기업,"1,070명",,
한국아스트라제네카(주),의약품 도매업,30년차,"대기업,1000대기업",393명,4980억,13%
(주)디어유,응용 소프트웨어 개발 및 공급업,5년차,중견기업,42명,130억,207%
캐롯손해보험(주),손해 보험업,3년차,대기업,186명,395억,5363%
한국미쓰비시전기오토메이션(주),그 외 기타 기계 및 장비 도매업,26년차,"대기업,1000대기업",237명,3500억,2%
미래에셋금융서비스(주),보험 대리 및 중개업,8년차,대기업,15명,194억,15%
동광제약(주),완제 의약품 제조업,8년차,중견기업,430명,1434억,3%
(주)이브자리,침구 및 관련제품 제조업,41년차,중견기업,52명,616억,1%
(주)농협정보시스템,응용 소프트웨어 개발 및 공급업,16년차,대기업,551명,2543억,12%
(주)동일기술공사,건물 및 토목 엔지니어링 서비스업,57년차,중견기업,590명,835억,11%
한국암웨이(주),기타 가공식품 도매업,34년차,중견기업,343명,,
우리와(주),사료 도매업,12년차,중견기업,212명,1048억,13%
(주)우림에프엠지,시계 및 귀금속제품 도매업,8년차,중견기업,698명,,
(주)브이엔티지,응용 소프트웨어 개발 및 공급업,2년차,중견기업,217명,,
(주)메조미디어,광고 대행업,23년차,대기업,299명,620억,9%
이지스엔터프라이즈(주),그 외 기타 금융 지원 서비스업,22년차,중견기업,50명,305억,12%
(주)현대종합설계건축사사무소,건축설계 및 관련 서비스업,21년차,대기업,363명,,
캐논쎄미콘덕터엔지니어링코리아(주),기타 엔지니어링 서비스업,,중견기업,471명,1247억,42%
이베이코리아유한책임회사,전자상거래 소매 중개업,22년차,"대기업,1000대기업",972명,9811억,3%
(주)천재교과서,교과서 및 학습서적 출판업,18년차,중견기업,630명,1763억,23%
한국야금(주),톱 및 호환성 공구 제조업,56년차,"중견기업,1000대기업",677명,,
(주)그라비티,유선 온라인 게임 소프트웨어 개발 및 공급업,22년차,중견기업,324명,2289억,72%
(주)간삼건축종합건축사사무소,건축설계 및 관련 서비스업,,중견기업,570명,807억,15%
(주)까사미아,생활용 가구 도매업,30년차,대기업,422명,1633억,38%
(주)신한디에스,시스템 소프트웨어 개발 및 공급업,31년차,중견기업,939명,1603억,17%
(주)에이치에스애드,광고 대행업,18년차,대기업,568명,,
(주)지오다노,셔츠 및 블라우스 제조업,28년차,중견기업,344명,,
애경화학(주),합성수지 및 기타 플라스틱 물질 제조업,43년차,"대기업,1000대기업",254명,,
바이엘코리아(주),의약품 도매업,33년차,"대기업,1000대기업",399명,3326억,1%
이케이맨파워(주),임시 및 일용 인력 공급업,32년차,중견기업,"1,445명",,
에이블현대호텔앤리조트(주),호텔업,,대기업,264명,,
양우건설(주),토목시설물 건설업,,중견기업,288명,4142억,7%
(주)엠티콜렉션,가죽 및 모피제품 도매업,25년차,중견기업,381명,,
(주)불스원,표면광택제 및 실내가향제 제조업,21년차,중견기업,,,
(주)필립스코리아,의료기기 도매업,46년차,"대기업,1000대기업",355명,,
(주)에프앤코,화장품 제조업,22년차,중견기업,71명,,
한서실업(주),자동차용 신품 의자 제조업,48년차,중견기업,177명,,
(주)에스쁘아,화장품 및 화장용품 도매업,7년차,대기업,62명,,
나이스페이먼츠(주),컴퓨터 프로그래밍 서비스업,6년차,중견기업,122명,3056억,31%
라인프렌즈(주),"게임용구, 인형 및 장난감 소매업",7년차,"대기업,1000대기업",285명,,
(주)원더플레이스,남녀용 겉옷 및 셔츠 도매업,11년차,중견기업,627명,,
(재)아름다운가게,기타 중고 상품 소매업,14년차,중견기업,홍명희,265억,5%
(주)컴퓨존,"컴퓨터 및 주변장치, 소프트웨어 도매업",,중견기업,532명,1조,16%
(주)피앤에스네트웍스,"화물운송 중개, 대리 및 관련 서비스업",15년차,중견기업,396명,,
(주)비에스케이코퍼레이션,화장품 및 화장용품 도매업,26년차,중견기업,204명,,
(주)대홍기획,광고 대행업,4년차,"대기업,1000대기업",446명,,
십일번가(주),전자상거래 소매 중개업,4년차,"대기업,1000대기업","1,072명",5455억,3%
고려해운(주),외항 화물 운송업,37년차,중견기업,732명,1조,3%
삼일회계법인,공인회계사업,,중견기업,"3,345명",6847억,12%
행복나래(주),사무용 가구 및 기기 도매업,22년차,대기업,246명,,
(주)에이비비코리아,배전반 및 전기 자동제어반 제조업,35년차,"대기업,1000대기업",488명,,
(주)플레이엠엔터테인먼트,매니저업,11년차,대기업,57명,161억,38%
(주)유진홈센터,그 외 기타 건축자재 도매업,12년차,중견기업,129명,385억,107%
아시아나에어포트(주),기타 항공 운송지원 서비스업,34년차,대기업,"1,921명",,
(주)녹십자헬스케어,그 외 기타 분류 안된 사업지원 서비스업,19년차,중견기업,300명,272억,33%
자이에너지운영(주),기타 엔지니어링 서비스업,14년차,대기업,459명,,
(주)이테크시스템,"컴퓨터 및 주변장치, 소프트웨어 도매업",13년차,중견기업,384명,2357억,2%
프라임에셋(주),보험 대리 및 중개업,13년차,중견기업,99명,3036억,14%
(주)농협목우촌,육류 기타 가공 및 저장처리업 (가금류 제외),16년차,"대기업,1000대기업",478명,6351억,9%
에스케이오앤에스(주),사업시설 유지ㆍ관리 서비스업,12년차,대기업,"2,330명",,
(주)케이티엠모바일,통신 재판매업,7년차,대기업,91명,1631억,1%
(주)케이뱅크은행,국내은행,6년차,"대기업,1000대기업",375명,933억,39%
씨제이생물자원(주),동물용 사료 및 조제식품 제조업,3년차,대기업,350명,3364억,109%
디에스글로벌(주),컴퓨터 프린터 제조업,12년차,중견기업,75명,,
(주)케이지에듀원,기타 교습학원,22년차,중견기업,200명,,
(주)하이프라자,가전제품 및 부품 도매업,,"대기업,1000대기업","4,128명",2조,2%
굿어스(주),컴퓨터시스템 통합 자문 및 구축 서비스업,20년차,중견기업,200명,366억,12%
에스엠하이플러스(주),그 외 기타 금융 지원 서비스업,15년차,대기업,125명,1745억,63%
(주)신보,일반전기 공사업,23년차,중견기업,268명,2669억,43%
(주)삼성경제연구소,경제 및 경영학 연구개발업,31년차,대기업,284명,,
(주)현대엘앤씨,플라스틱 창호 제조업,8년차,대기업,788명,,
본아이에프(주),경영 컨설팅업,18년차,중견기업,196명,,
(주)그린웹서비스,포털 및 기타 인터넷 정보매개 서비스업,12년차,대기업,583명,377억,20%
(주)엘에프네트웍스,남녀용 겉옷 및 셔츠 도매업,32년차,중견기업,127명,1164억,2%
지에스네오텍(주),일반전기 공사업,48년차,대기업,247명,4327억,1%
(주)케이씨이앤씨,건물용 기계ㆍ장비 설치 공사업,22년차,중견기업,294명,2760억,12%
다쏘시스템코리아(주),응용 소프트웨어 개발 및 공급업,21년차,중견기업,216명,,
동양시스템즈(주),응용 소프트웨어 개발 및 공급업,2년차,중견기업,176명,,
나사산업안전(주),상용 인력 공급 및 인사관리 서비스업,,중견기업,674명,,
남양약품(주),의약품 도매업,32년차,중견기업,85명,,
(주)티시스,IT·웹·통신,41년차,중견기업,"2,669명",,
(주)젠스타메이트,사업시설 유지ㆍ관리 서비스업,10년차,중견기업,이명근/이창욱,603억,2%
(주)한성에프아이,그 외 기타 봉제의복 제조업,,중견기업,255명,2171억,5%
아사아블로이코리아 주식회사 아이레보,전기·전자·제어,25년차,대기업,140명,,
소니코리아(주),가전제품 및 부품 도매업,32년차,"대기업,1000대기업",202명,1조,19%
(주)한경희생활과학,기타 가정용 전기기기 제조업,20년차,중견기업,46명,,
(주)세바로지스틱스코리아,"화물운송 중개, 대리 및 관련 서비스업",26년차,중견기업,102명,201억,14%
악사손해보험(주),손해 보험업,22년차,"대기업,1000대기업","1,786명",1조,12%
아이지에스(주),유선 온라인 게임 소프트웨어 개발 및 공급업,17년차,중견기업,463명,,
에이스건설(주),사무ㆍ상업용 및 공공기관용 건물 건설업,28년차,중견기업,295명,4788억,5%
(주)캘리스코,일식 음식점업,13년차,중견기업,구명진,,
(주)삼표,지주회사,56년차,"중견기업,1000대기업",230명,,
에쓰오일토탈윤활유(주),윤활유 및 그리스 제조업,19년차,대기업,136명,,
(주)골프존유통,운동 및 경기용품 도매업,7년차,중견기업,319명,2202억,33%
(주)팍트라인터내셔널,"화물운송 중개, 대리 및 관련 서비스업",26년차,중견기업,85명,2107억,33%
(주)오케이몰,전자상거래 소매업,22년차,중견기업,246명,2268억,25%
롯데멤버스(주),그 외 기타 분류 안된 사업지원 서비스업,7년차,대기업,263명,,
(주)케이티에스테이트,비주거용 건물 개발 및 공급업,12년차,대기업,387명,,
메가박스중앙(주),영화관 운영업,23년차,중견기업,701명,,
(주)에스와이에스리테일,가전제품 및 부품 도매업,59년차,중견기업,968명,8504억,9%
(주)후니드,기관 구내식당업,18년차,중견기업,"2,705명",,
(주)콜텍,악기 도매업,,중견기업,57명,1856억,16%
에프알엘코리아(주),남녀용 겉옷 및 셔츠 도매업,18년차,"대기업,1000대기업","2,756명",,
(주)씨에스원파트너,콜센터 및 텔레마케팅 서비스업,14년차,대기업,"1,747명",920억,9%
(주)아이비에스인더스트리,사업시설 유지ㆍ관리 서비스업,,중견기업,"3,500명",2236억,11%
(주)서양네트웍스,유아용 의복 제조업,31년차,중견기업,314명,,
(주)디엠씨미디어,광고 대행업,20년차,중견기업,153명,227억,41%
(주)프리드라이프,장례식장 및 장의관련 서비스업,,중견기업,128명,,
(주)스테이지파이브,응용 소프트웨어 개발 및 공급업,7년차,대기업,63명,,
(주)풍인무역,여자용 겉옷 제조업,,중견기업,159명,,
(주)이비카드,그 외 기타 금융 지원 서비스업,13년차,대기업,102명,893억,9%
씨제이올리브영(주),화장품 및 화장용품 도매업,3년차,대기업,"7,978명",1조,408%
삼성화재서비스손해사정(주),손해 사정업,26년차,대기업,"2,078명",1684억,9%
더클래스효성(주),자동차 신품 판매업,19년차,대기업,778명,,
(주)웅진컴퍼스,일반 서적 출판업,19년차,중견기업,77명,,
(주)타임교육,일반 교습 학원,11년차,중견기업,272명,,
(주)한솥,한식 일반 음식점업,33년차,중견기업,57명,995억,5%
(주)엠에프지코리아,서양식 음식점업,8년차,중견기업,"1,031명",,
코리아크레딧뷰로(주),신용 조사 및 추심 대행업,17년차,중견기업,280명,1084억,16%
(주)전주페이퍼,가구·목재·제지,57년차,1000대기업,460명,,
(주)에스텍플러스,임시 및 일용 인력 공급업,17년차,중견기업,"1,075명",416억,5%
(주)한국금거래소쓰리엠,시계 및 귀금속제품 도매업,17년차,중견기업,86명,1조,62%
(주)인성,금속 캔 및 기타 포장용기 제조업,62년차,중견기업,208명,,
(주)현대아이티앤이,응용 소프트웨어 개발 및 공급업,4년차,대기업,381명,403억,29%
(주)한국로슈,의약품 도매업,39년차,"대기업,1000대기업",309명,4438억,2%
(주)한독모터스,자동차 신품 판매업,20년차,"중견기업,1000대기업",873명,9813억,32%
에릭슨엘지(주),통신ㆍ방송장비 및 부품 도매업,17년차,대기업,672명,,
(주)현대렌탈케어,그 외 기타 개인 및 가정용품 임대업,7년차,대기업,,1105억,36%
(주)비에스렌탈,사무용 가구 및 기기 도매업,11년차,중견기업,121명,,
현대엔지비(주),기타 공학 연구개발업,22년차,대기업,103명,546억,7%
아마노코리아(주),주차장 운영업,26년차,중견기업,전명진,,
홈앤서비스(주),내부 통신배선 공사업,5년차,대기업,"5,047명",3977억,13%
(주)초이락컨텐츠컴퍼니,인형 및 장난감 제조업,15년차,중견기업,79명,,
(주)인텍앤컴퍼니,"컴퓨터 및 주변장치, 소프트웨어 도매업",41년차,중견기업,99명,3980억,30%
(주)더샘인터내셔날,화장품 및 화장용품 도매업,29년차,중견기업,84명,,
라이나생명보험(주),생명 보험업,18년차,"대기업,1000대기업",825명,2조,7%
(주)보나비,커피 전문점,12년차,중견기업,826명,,
(주)비오메리으코리아,의료기기 도매업,28년차,중견기업,81명,,
농협경제지주(주),지주회사,10년차,"대기업,1000대기업","2,224명",,
(주)조선일보사,신문 발행업,,"1000대기업,중견기업",452명,,
(주)에이비씨마트코리아,신발 도매업,20년차,중견기업,"1,571명",,
에스케이아이이테크놀로지(주),축전지 제조업,3년차,대기업,195명,4602억,75%
케이티커머스(주),전자상거래 소매업,20년차,"대기업,1000대기업",113명,4173억,2%
(주)대교씨엔에스,응용 소프트웨어 개발 및 공급업,23년차,중견기업,112명,241억,32%
서울우유협동조합,액상시유 및 기타 낙농제품 제조업,51년차,중견기업,"1,927명",1조,3%
(주)뉴메드,건강기능식품 제조업,19년차,중견기업,30명,115억,6%
농심엔지니어링(주),기타 엔지니어링 서비스업,,중견기업,141명,,
(주)경동원,그 외 기타 전자부품 제조업,40년차,"중견기업,1000대기업",350명,1840억,8%
(주)건축사사무소건원엔지니어링,건축설계 및 관련 서비스업,23년차,중견기업,638명,,
디케이에스에이치코리아(주),상품 종합 도매업,33년차,중견기업,252명,,
(주)매일경제신문사,신문 발행업,57년차,중견기업,770명,,
(주)제이씨패밀리,여자용 겉옷 제조업,23년차,중견기업,174명,,
(주)티앤케이팩토리,시스템 소프트웨어 개발 및 공급업,11년차,대기업,31명,,
(주)케이티디에스,컴퓨터시스템 통합 자문 및 구축 서비스업,14년차,"대기업,1000대기업","1,401명",4873억,16%
대한무역투자진흥공사,기타 산업진흥 행정,60년차,1000대기업,986명,4626억,8%
(주)신세계프라퍼티,기타 부동산 개발 및 공급업,9년차,대기업,252명,1439억,2%
에스케이스토아(주),기타 통신 판매업,5년차,대기업,229명,2686억,37%
한국엔드레스하우저(주),정밀기기 및 과학기기 도매업,25년차,중견기업,102명,681억,8%
에스케이텔레콤씨에스티원(주),스포츠 클럽 운영업,3년차,대기업,43명,124억,962%
(주)조선방송,유선 방송업,11년차,중견기업,312명,2692억,43%
(주)일진글로벌홀딩스,그 외 자동차용 신품 부품 제조업,44년차,"1000대기업,중견기업",82명,79억,96%
파나소닉코리아(주),가전제품 및 부품 도매업,22년차,중견기업,47명,,
(주)대륜이엔에스,연료용 가스 제조 및 배관공급업,23년차,중견기업,258명,,
(주)남양인터내셔날,여자용 겉옷 제조업,35년차,중견기업,130명,,
교보리얼코(주),비주거용 부동산 관리업,43년차,대기업,620명,,
(주)코빗,컴퓨터시스템 통합 자문 및 구축 서비스업,9년차,중견기업,80명,,
삼정회계법인,공인회계사업,28년차,중견기업,"3,422명",5615억,18%
고진모터스(주),자동차 신품 판매업,22년차,중견기업,429명,4238억,85%
(주)엘지스포츠,스포츠 클럽 운영업,39년차,대기업,48명,,
(주)농협하나로유통,과실류 도매업,7년차,"대기업,1000대기업","2,701명",3조,7%
(주)시마즈사이언티픽코리아,정밀기기 및 과학기기 도매업,4년차,중견기업,180명,500억,498%
(주)피키캐스트,광고 대행업,9년차,중견기업,149명,63억,1%
(주)트라이본즈,셔츠 및 블라우스 제조업,14년차,중견기업,125명,,
스윙엔터테인먼트(주),음악 및 기타 오디오물 출판업,4년차,대기업,조유명,,
(주)하만인터내셔널코리아,응용 소프트웨어 개발 및 공급업,17년차,"대기업,1000대기업",107명,,
(주)프레시코드,응용 소프트웨어 개발 및 공급업,6년차,대기업,,28억,443%
칼자이스(주),의료기기 도매업,36년차,중견기업,221명,1727억,13%
한진정보통신(주),응용 소프트웨어 개발 및 공급업,33년차,대기업,375명,,
(주)위비스,"근무복, 작업복 및 유사의복 제조업",17년차,중견기업,186명,,
(주)멕시카나,육류 도매업,,중견기업,67명,766억,8%
대명지이씨(주),내부 전기배선 공사업,27년차,중견기업,261명,,
디에스투자증권(주),증권 중개업,14년차,대기업,146명,605억,168%
(주)씨제이텔레닉스,상용 인력 공급 및 인사관리 서비스업,21년차,대기업,"1,948명",,
케이씨씨오토(주),자동차 신품 판매업,16년차,중견기업,615명,7284억,5%
메인트란스(주),철도 운송지원 서비스업,14년차,대기업,280명,245억,36%
(주)케이씨인더스트리얼,상품 종합 도매업,14년차,중견기업,59명,644억,37%
협진글로벌(주),"화물운송 중개, 대리 및 관련 서비스업",35년차,중견기업,50명,,
인크루트(주),데이터베이스 및 온라인정보 제공업,4년차,중견기업,157명,200억,9%
(주)링키지랩,기타 정보기술 및 컴퓨터운영 관련 서비스업,6년차,대기업,,36억,37%
(주)오케이저축은행,상호저축은행 및 기타 저축기관,9년차,중견기업,"1,078명",8892억,23%
(주)에뛰드,화장품 제조업,46년차,대기업,194명,,
엘브이엠에치코스메틱스(유),화장품 및 화장용품 도매업,,중견기업,790명,,
(주)이네스트,사업시설 유지ㆍ관리 서비스업,15년차,대기업,184명,,
(주)케이비에스아트비전,그 외 기타 창작 및 예술관련 서비스업,31년차,중견기업,159명,,
서린상사(주),1차 금속제품 도매업,38년차,"대기업,1000대기업",69명,5905억,20%
교보라이프플래닛생명보험(주),생명 보험업,9년차,대기업,121명,1962억,27%
해태에이치티비(주),기타 비알코올 음료 제조업,30년차,"대기업,1000대기업",809명,,
(주)엔투비,전자상거래 소매 중개업,22년차,대기업,132명,,
메르세데스벤츠코리아(주),자동차 신품 판매업,,"대기업,1000대기업",249명,,
(주)케이지에듀원 인테리어뱅크학원,전문·기능학원,20년차,대기업,250명,,
(주)오토인더스트리,자동차용 신품 동력전달장치 제조업,24년차,중견기업,72명,,
삼성자산운용(주),신탁업 및 집합투자업,24년차,대기업,352명,1957억,5%
코레일네트웍스(주),기타 여행보조 및 예약 서비스업,18년차,중견기업,"1,803명",,
클라우드그램(주),컴퓨터시스템 통합 자문 및 구축 서비스업,3년차,중견기업,60명,154억,532%
한국무역보험공사,기타 보험 및 연금관련 서비스업,30년차,중견기업,620명,1조,37%
코레일관광개발(주),여행사업,18년차,대기업,"1,403명",,
(주)한샘넥서스,생활용 가구 도매업,30년차,중견기업,84명,,
(주)케이비저축은행,상호저축은행 및 기타 저축기관,10년차,중견기업,172명,1047억,14%
(주)두산베어스,스포츠 클럽 운영업,39년차,대기업,81명,,
(주)디베이스앤,"광고물 문안, 도안, 설계 등 작성업",4년차,대기업,58명,68억,83%
(주)에스비아이저축은행,상호저축은행 및 기타 저축기관,,"대기업,1000대기업",599명,9115억,24%
한국트럼프지엠비에이취(주),공작용 기계 및 장비 도매업,25년차,중견기업,180명,1747억,18%
(주)그라운드엑스,전자상거래 소매 중개업,4년차,대기업,80명,,
(주)연합인포맥스,데이터베이스 및 온라인정보 제공업,22년차,중견기업,178명,436억,8%
(주)유니베라,건강보조용 액화식품 제조업,22년차,중견기업,106명,,
(주)제닉스크리에이티브,기타 주변기기 제조업,9년차,1000대기업,30명,,
한국오므론제어기기(주),전기용 기계ㆍ장비 및 관련 기자재 도매업,16년차,중견기업,162명,,
케이아이에스정보통신(주),그 외 기타 전기 통신업,30년차,중견기업,268명,,
하나손해보험(주),손해 보험업,20년차,"대기업,1000대기업",703명,5857억,8%
무진전자(주),전기용 기계ㆍ장비 및 관련 기자재 도매업,28년차,중견기업,236명,,
서울올림픽기념국민체육진흥공단,그 외 기타 협회 및 단체,33년차,중견기업,"1,875명",7조,4%
에이비엘생명보험(주),생명 보험업,,"대기업,1000대기업",856명,3조,23%
(주)미디어윌네트웍스,데이터베이스 및 온라인정보 제공업,,"중소기업,1000대기업",102명,,
삼익물류(주),일반 화물자동차 운송업,29년차,중견기업,153명,983억,10%
한무쇼핑(주),백화점,,"대기업,1000대기업",531명,,
(주)코리아테크,그 외 기타 생활용품 도매업,,중견기업,104명,,
(주)교학사,교과서 및 학습서적 출판업,49년차,중견기업,180명,,
(주)티알엔,그 외 기타 분류 안된 사업지원 서비스업,31년차,대기업,193명,1511억,33%
미성엠프로(주),사업시설 유지ㆍ관리 서비스업,32년차,중견기업,"2,470명",,
(주)금성출판사,교과서 및 학습서적 출판업,36년차,중견기업,357명,,
세방익스프레스(주),"화물운송 중개, 대리 및 관련 서비스업",57년차,중견기업,127명,1159억,11%
한양산업개발(주),사무ㆍ상업용 및 공공기관용 건물 건설업,60년차,중견기업,228명,2921억,57%
내트럭(주),액체연료 및 관련제품 도매업,17년차,대기업,216명,,
(주)진원무역,과실류 도매업,43년차,중견기업,125명,,
(주)골든듀,귀금속 및 관련제품 제조업,40년차,중견기업,236명,,
(주)에스트라,건강기능식품 제조업,40년차,대기업,136명,,
교보정보통신(주),컴퓨터시스템 통합 자문 및 구축 서비스업,51년차,대기업,264명,542억,10%
(주)신세계엘앤비,주류 도매업,14년차,대기업,338명,1453억,36%
(주)트라이씨클,기타 통신 판매업,34년차,중견기업,180명,880억,47%
에코이앤오(주),하수 처리업,10년차,대기업,129명,,
(주)글로벌금융판매,보험 대리 및 중개업,13년차,대기업,823명,,
어드밴텍케이알(주),"컴퓨터 및 주변장치, 소프트웨어 도매업",13년차,중견기업,106명,771억,6%
에이치디씨아이파크몰(주),백화점,23년차,대기업,177명,,
한국휴렛팩커드(유),"컴퓨터 및 주변장치, 소프트웨어 도매업",38년차,"대기업,1000대기업",547명,7332억,4%
애경특수도료(주),일반용 도료 및 관련제품 제조업,2년차,중견기업,145명,,
(주)원더피플,시스템 소프트웨어 개발 및 공급업,12년차,1000대기업,150명,97억,31%
델인터내셔널(주),컴퓨터시스템 통합 자문 및 구축 서비스업,27년차,"대기업,1000대기업",329명,6521억,4%
람세스물류(주),"화물운송 중개, 대리 및 관련 서비스업",23년차,중견기업,102명,1634억,39%
(주)윈피앤에스,사업시설 유지ㆍ관리 서비스업,92년차,중견기업,"3,071명",,
(주)바텍엠시스,의료기기 도매업,13년차,중견기업,96명,,
(주)카카오인베스트먼트,경영 컨설팅업,5년차,대기업,16명,1억,48%
씨엠에이씨지엠코리아(주),"화물운송 중개, 대리 및 관련 서비스업",17년차,대기업,150명,160억,7%
(주)스케쳐스코리아,남녀용 겉옷 및 셔츠 도매업,6년차,대기업,82명,1039억,3%
(주)서울문고,"서적, 잡지 및 기타 인쇄물 도매업",34년차,중견기업,권명학/김동국,,
(주)칸테크,시스템 소프트웨어 개발 및 공급업,,중견기업,41명,78억,6%
(주)반도건설,아파트 건설업,14년차,중견기업,415명,,
한화손해사정(주),기타 보험 및 연금관련 서비스업,17년차,대기업,563명,424억,8%
(주)승산,휴양콘도 운영업,53년차,대기업,156명,,
뉴스킨코리아(주),화장품 및 화장용품 도매업,,중견기업,161명,3851억,54%
에이치라인해운(주),외항 화물 운송업,8년차,"중견기업,1000대기업",서명득,,
(주)호텔롯데 롯데리조트,호텔·여행·항공,9년차,"대기업,1000대기업",300명,,
로지스올(주),경영 컨설팅업,37년차,중견기업,39명,270억,45%
한국자산평가(주),데이터베이스 및 온라인정보 제공업,,중견기업,217명,267억,15%
(주)농협파트너스,상용 인력 공급 및 인사관리 서비스업,22년차,대기업,"5,471명",1887억,4%
지에이코리아(주),보험 대리 및 중개업,13년차,중견기업,"1,209명",6846억,5%
(주)티시스,컴퓨터시스템 통합 자문 및 구축 서비스업,,대기업,"2,683명",,
한국야스카와전기(주),전기용 기계ㆍ장비 및 관련 기자재 도매업,28년차,중견기업,171명,,
(주)그라비티네오싸이언,모바일 게임 소프트웨어 개발 및 공급업,22년차,중견기업,226명,263억,4%
나이스신용정보(주),신용 조사 및 추심 대행업,12년차,중견기업,963명,,
폴리미래(주),합성수지 및 기타 플라스틱 물질 제조업,22년차,"1000대기업,중견기업",167명,,
삼성화재애니카손해사정(주),손해 사정업,24년차,대기업,"1,496명",1749억,4%
한국렌탈(주),기타 산업용 기계 및 장비 임대업,33년차,중견기업,164명,988억,1%
(주)오케이포스,사무용 기계 및 장비 제조업,15년차,중견기업,96명,,
(주)로지스퀘어,"화물운송 중개, 대리 및 관련 서비스업",,중견기업,231명,,
(주)농협네트웍스,건물 건설업,31년차,대기업,211명,,
엘에스메탈(주),"동 압연, 압출 및 연신제품 제조업",12년차,"대기업,1000대기업",267명,3255억,9%
(주)태진인터내셔날,핸드백 및 지갑 제조업,,중견기업,103명,,
(주)하이랜드푸드,육류 도매업,21년차,중견기업,59명,5865억,15%
(주)현대경제연구원,기타 교육지원 서비스업,36년차,대기업,93명,165억,1%
오토플러스(주),중고 자동차 판매업,22년차,중견기업,김득명/이정환,1849억,30%
현대성우쏠라이트(주),그 외 자동차용 신품 부품 제조업,7년차,중견기업,472명,,
(주)삼천리이엔지,배관 및 냉ㆍ난방 공사업,20년차,대기업,521명,,
넷마블몬스터(주),유선 온라인 게임 소프트웨어 개발 및 공급업,22년차,중견기업,416명,,
세안이엔씨(주),일반전기 공사업,35년차,중견기업,232명,1599억,18%
(주)신세계사이먼,비주거용 건물 임대업,17년차,대기업,110명,1753억,8%
(주)삼양인터내셔날,담배 도매업,36년차,대기업,334명,,
삼양데이타시스템(주),컴퓨터시스템 통합 자문 및 구축 서비스업,27년차,중견기업,178명,719억,19%
(주)에프앤씨시스템,임시 및 일용 인력 공급업,17년차,중견기업,730명,,
올림푸스한국(주),의료기기 도매업,22년차,중견기업,437명,2381억,10%
한국아즈빌(주),전기용 기계ㆍ장비 및 관련 기자재 도매업,23년차,"중견기업,1000대기업",135명,435억,20%
(주)사노피-아벤티스코리아,의약품 도매업,31년차,"중견기업,1000대기업",492명,4903억,12%
(주)에스엠케이티앤아이,신발 도매업,23년차,중견기업,133명,,
케이에이(주),기타 항공 운송지원 서비스업,10년차,대기업,334명,,
한국에너지기술평가원,"물리, 화학 및 생물학 연구개발업",13년차,중견기업,134명,,
삼성생명서비스손해사정(주),기타 보험 및 연금관련 서비스업,22년차,대기업,"2,406명",2061억,2%
(주)케이피아이씨코포레이션,기타 화학물질 및 화학제품 도매업,17년차,중견기업,62명,,
(주)신세계티비쇼핑,위성 및 기타 방송업,9년차,대기업,234명,2308억,42%
(주)석영브라이스톤,전기용 기계ㆍ장비 및 관련 기자재 도매업,32년차,중견기업,35명,,
이데일리(주),데이터베이스 및 온라인정보 제공업,22년차,중견기업,250명,,
(주)이브레인테크,"컴퓨터 및 주변장치, 소프트웨어 도매업",22년차,중견기업,85명,,
(주)하이모,가발 및 유사 제품 제조업,26년차,중견기업,764명,,
티디케이전자한국(주),전기용 기계ㆍ장비 및 관련 기자재 도매업,11년차,중견기업,63명,2335억,29%
씨제이포디플렉스(주),기타 공학 연구개발업,12년차,대기업,171명,,
(주)고려해운항공,"화물운송 중개, 대리 및 관련 서비스업",30년차,중견기업,127명,745억,2%
(주)엔라인,남녀용 겉옷 및 셔츠 도매업,14년차,중견기업,283명,,
(주)아이티엠코퍼레이션건축사사무소,건축설계 및 관련 서비스업,25년차,중견기업,573명,,
(주)농협사료,배합 사료 제조업,20년차,"대기업,1000대기업",739명,1조,5%
(주)엘베스트,광고 대행업,15년차,대기업,63명,258억,19%
에이치앤엠헤네스앤모리츠(주),셔츠 및 블라우스 소매업,13년차,중견기업,"1,162명",,
효성굿스프링스(주),액체 펌프 제조업,33년차,"대기업,1000대기업",389명,2570억,6%
에이큐(주),기타 항공 운송지원 서비스업,6년차,대기업,500명,,
코레일유통(주),기타 음ㆍ식료품 위주 종합 소매업,18년차,대기업,454명,,
에스씨지솔루션즈(주),"컴퓨터 및 주변장치, 소프트웨어 도매업",13년차,대기업,538명,2235억,21%
(주)신영자산관리,비주거용 부동산 관리업,48년차,중견기업,129명,492억,10%
아이코다(주),"컴퓨터 및 주변장치, 소프트웨어 도매업",16년차,중견기업,87명,,
(주)밀레코리아,가전제품 및 부품 도매업,,중견기업,99명,457억,15%
한국에스엠씨(주),그 외 기타 기계 및 장비 도매업,27년차,"대기업,1000대기업",738명,,
나이스피앤아이(주),데이터베이스 및 온라인정보 제공업,22년차,"대기업,1000대기업",162명,187억,31%
모델솔루션(주),주형 및 금형 제조업,17년차,중견기업,296명,,
케이씨에이손해사정(주),손해 사정업,20년차,대기업,339명,369억,7%
(주)프레제니우스메디칼케어코리아,의료기기 도매업,25년차,"1000대기업,중견기업",253명,2344억,7%
키사이트테크놀로지스코리아(주),"전자기 측정, 시험 및 분석기구 제조업",8년차,중견기업,179명,1153억,37%
잼팟(주),모바일 게임 소프트웨어 개발 및 공급업,8년차,중견기업,171명,604억,1%
(주)케이비에스비즈니스,사업시설 유지ㆍ관리 서비스업,,중견기업,633명,,
한국미우라공업(주),핵반응기 및 증기 보일러 제조업,40년차,중견기업,364명,941억,22%
아디다스코리아유한책임회사,신발 도매업,40년차,"대기업,1000대기업",437명,1조,11%
세일이엔에스(주),건물용 기계ㆍ장비 설치 공사업,42년차,중견기업,133명,2712억,21%
(주)연합뉴스,뉴스 제공업,,"1000대기업,중견기업",831명,,
한국델몬트후레쉬프로듀스(주),과실류 도매업,,중견기업,76명,,
한국베링거인겔하임(주),의약품 도매업,,"대기업,1000대기업",160명,3131억,6%
(주)삼오제약,의약품 도매업,,중견기업,102명,1199억,8%
(주)한국경제신문,신문 발행업,,중견기업,484명,,
그레이고(주),광고 영화 및 비디오물 제작업,5년차,대기업,11명,9억,275%
(주)마봉,그 외 기타 상품 전문 도매업,16년차,중견기업,11명,,
(주)화앤담픽쳐스,방송 프로그램 제작업,15년차,대기업,10명,578억,250%
리베토코리아(주),비주거용 건물 임대업,4년차,대기업,24명,46억,32%
에스지씨솔루션(주),가정용 유리제품 제조업,,중견기업,390명,,
넷마블넥서스(주),유선 온라인 게임 소프트웨어 개발 및 공급업,9년차,중견기업,309명,330억,100%
(주)조선비즈,데이터베이스 및 온라인정보 제공업,13년차,중견기업,214명,,
(주)동양이엠에스,상용 인력 공급 및 인사관리 서비스업,19년차,중견기업,"2,058명",,
유나이티드파슬서비스코리아(주),"화물운송 중개, 대리 및 관련 서비스업",26년차,중견기업,420명,1950억,26%
(주)동훈,골프장 운영업,,중견기업,50명,401억,9%
다올이앤씨(주),콘크리트 및 철근 공사업,40년차,중견기업,135명,,
교보자산신탁(주),그 외 기타 분류 안된 금융업,,대기업,209명,712억,6%
(주)안연케어,의약품 도매업,30년차,중견기업,162명,4745억,10%
한국무라타전자(주),전기용 기계ㆍ장비 및 관련 기자재 도매업,22년차,"중견기업,1000대기업",194명,1조,1%
(주)데이비드토이,인형 및 장난감 제조업,11년차,대기업,7명,124억,78%
(주)스마트로,그 외 기타 전기 통신업,24년차,대기업,205명,2501억,5%
한국로지스풀(주),"화물운송 중개, 대리 및 관련 서비스업",20년차,중견기업,405명,5009억,23%
켑코에너지솔루션(주),환경 관련 엔지니어링 서비스업,6년차,중견기업,34명,55억,96%
동우공영(주),사업시설 유지ㆍ관리 서비스업,44년차,중견기업,845명,,
알파(주),"문구용품, 회화용품, 사무용품 도매업",35년차,중견기업,217명,,
(주)태강대부,그 외 기타 여신금융업,37년차,중견기업,153명,1148억,3%
(유)프라이스워터하우스쿠퍼스컨설팅,경영 컨설팅업,36년차,중견기업,514명,1198억,26%
롯데컬처웍스(주),영화관 운영업,,대기업,"1,383명",,
(주)게티이미지코리아,사업 및 무형 재산권 중개업,5년차,중견기업,70명,129억,52%
(주)일진글로벌,그 외 자동차용 신품 부품 제조업,3년차,중견기업,489명,7030억,58%
(주)엠제이팜,의약품 도매업,31년차,중견기업,88명,6423억,2%
(주)메이트플러스,비주거용 부동산 관리업,21년차,중견기업,33명,715억,20%
(주)한경닷컴,데이터베이스 및 온라인정보 제공업,23년차,중견기업,90명,214억,7%
한화자산운용(주),신탁업 및 집합투자업,34년차,대기업,398명,1145억,3%
카페스(주),그 외 기타 전기장비 제조업,10년차,중견기업,79명,1672억,78%
(주)배틀엔터테인먼트,응용 소프트웨어 개발 및 공급업,9년차,대기업,25명,6억,4%
(주)디모아,"컴퓨터 및 주변장치, 소프트웨어 도매업",18년차,중견기업,93명,192억,22%
(주)공영홈쇼핑,기타 통신 판매업,7년차,대기업,344명,2038억,29%
현대성우캐스팅(주),그 외 자동차용 신품 부품 제조업,7년차,중견기업,"1,311명",4650억,101%
(주)에이치엘엠씨,화장품 및 화장용품 도매업,14년차,중견기업,48명,280억,6%
한국투자공사,신탁업 및 집합투자업,17년차,대기업,230명,2191억,5%
(주)한화비앤비,커피 전문점,9년차,대기업,137명,,
한국파렛트풀(주),기타 산업용 기계 및 장비 임대업,5년차,중견기업,114명,4484억,16%
키스채권평가(주),데이터베이스 및 온라인정보 제공업,22년차,중견기업,146명,222억,14%
(주)디지털다임,응용 소프트웨어 개발 및 공급업,22년차,중견기업,119명,,
하니웰애널리틱스(주),그 외 기타 기계 및 장비 도매업,17년차,중견기업,89명,,
(주)동훈아이텍,시스템 소프트웨어 개발 및 공급업,22년차,중견기업,51명,,
케이프투자증권(주),증권 중개업,14년차,대기업,270명,3311억,14%
(주)농협물류,일반 화물자동차 운송업,18년차,대기업,223명,4480억,5%
상상스토리(주),컴퓨터 프로그래밍 서비스업,17년차,중견기업,32명,44억,21%
도요엔지니어링코리아(주),기타 엔지니어링 서비스업,35년차,중견기업,356명,,
영풍문고홀딩스(주),지주회사,30년차,대기업,1명,,
(주)피치밸리,"컴퓨터 및 주변장치, 소프트웨어 도매업",22년차,중견기업,201명,2432억,4%
한국투자신탁운용(주),신탁업 및 집합투자업,22년차,대기업,271명,1291억,9%
아쿠쉬네트코리아(주),운동 및 경기용품 도매업,18년차,중견기업,176명,2913억,12%
광혁건설(주),토목시설물 건설업,42년차,중견기업,100명,,
한국방송광고진흥공사,광고 대행업,10년차,중견기업,286명,,
선인자동차(주),자동차 신품 판매업,33년차,중견기업,444명,3791억,13%
(주)엠투컴,광고 대행업,,중견기업,30명,,
에스케이티엔에스(주),내부 통신배선 공사업,7년차,대기업,305명,,
(주)강원오에스,임시 및 일용 인력 공급업,,중견기업,49명,,
(주)에이션패션,남녀용 겉옷 및 셔츠 도매업,36년차,중견기업,149명,2248억,10%
(주)켐텍,플라스틱물질 및 합성고무 도매업,12년차,대기업,12명,,
효성인포메이션시스템(주),"컴퓨터 및 주변장치, 소프트웨어 도매업",37년차,"대기업,1000대기업",245명,,
포르쉐코리아(주),자동차 신품 판매업,9년차,중견기업,,1조,109%
(주)풍농,복합비료 및 기타 화학비료 제조업,60년차,"1000대기업,중견기업",222명,2036억,19%
한국사회보장정보원,보건 및 복지 행정,13년차,중견기업,636명,614억,8%
한국토요타자동차(주),자동차 신품 판매업,22년차,"대기업,1000대기업",118명,,
(주)토문엔지니어링건축사사무소,건축설계 및 관련 서비스업,35년차,중견기업,471명,396억,9%
(주)인터파크씨어터,공연시설 운영업,13년차,중견기업,130명,,
(주)농협유통,과실류 도매업,27년차,"대기업,1000대기업","1,607명",1조,4%
(주)엠비씨플레이비,유원지 및 테마파크 운영업,14년차,중견기업,338명,,
(주)한국일보사,신문 발행업,45년차,중견기업,360명,,
(주)삼구엘에스,포장 및 충전업,12년차,중견기업,,57억,4%
(주)일진유니스코,유리 및 창호 공사업,39년차,중견기업,122명,,
허스트중앙(유),잡지 및 정기간행물 발행업,22년차,중견기업,141명,,
에스에이피코리아(주),시스템 소프트웨어 개발 및 공급업,27년차,"대기업,1000대기업",455명,4183억,3%
서비스에이스(주),콜센터 및 텔레마케팅 서비스업,12년차,대기업,하명복,,
(주)이수시스템,응용 소프트웨어 개발 및 공급업,26년차,중견기업,97명,232억,7%
스미후루코리아(주),과실류 도매업,19년차,중견기업,82명,,
(주)채널에이,프로그램 공급업,11년차,중견기업,404명,1732억,10%
케이비인베스트먼트(주),기타 금융 투자업,32년차,대기업,71명,743억,166%
지에스파크이십사(주),주차장 운영업,16년차,대기업,170명,565억,26%
(주)미래엔에듀케어,기타 교육지원 서비스업,15년차,중견기업,90명,,
(주)이랜드시스템스,컴퓨터시스템 통합 자문 및 구축 서비스업,31년차,대기업,140명,410억,4%
한국언론진흥재단,그 외 기타 협회 및 단체,13년차,중견기업,155명,876억,14%
지에스엠비즈(주),액체연료 및 관련제품 도매업,28년차,대기업,214명,,
(주)케이에스한국고용정보,콜센터 및 텔레마케팅 서비스업,3년차,중견기업,"4,417명",1484억,583%
위본모터스(주),자동차 신품 판매업,18년차,중견기업,286명,2605억,90%
(주)마플코퍼레이션,기타 인쇄업,8년차,중견기업,72명,82억,20%
(주)인터파크인터내셔널,전자상거래 소매 중개업,18년차,중견기업,42명,259억,2%
(주)하이텔레서비스,콜센터 및 텔레마케팅 서비스업,13년차,대기업,945명,1003억,17%
장금마리타임(주),외항 화물 운송업,14년차,중견기업,50명,,
부루벨코리아(주),화장품 및 화장용품 도매업,,중견기업,"2,278명",,
(주)서한사,호텔업,50년차,중견기업,104명,,
노무라금융투자(주),증권 중개업,13년차,"대기업,1000대기업",107명,7조,41%
(주)아식스코리아,신발 도매업,15년차,중견기업,81명,,
금호미쓰이화학(주),석유화학계 기초 화학물질 제조업,,"대기업,1000대기업",208명,7428억,8%
(주)유풍,의복 액세서리 및 모조 장신구 도매업,,"1000대기업,중견기업",300명,,
(주)제이디스포츠패션코리아,신발 도매업,5년차,중견기업,334명,,
삼성카드고객서비스(주),그 외 기타 금융 지원 서비스업,9년차,대기업,"1,703명",,
삼남석유화학(주),석탄화학계 화합물 및 기타 기초 유기 화학물질 제조업,,"대기업,1000대기업",145명,,
(주)문화창고,매니저업,12년차,대기업,18명,369억,52%
케이비생명보험(주),생명 보험업,18년차,"대기업,1000대기업",334명,1조,26%
한국투자파트너스(주),기타 금융 투자업,,대기업,99명,886억,79%
삼성선물(주),선물 중개업,30년차,대기업,115명,933억,14%
효성에프엠에스(주),시스템 소프트웨어 개발 및 공급업,15년차,대기업,50명,,
엘베스트지에이티(주),기타 화학물질 및 화학제품 도매업,,중견기업,21명,,
(주)떠나요,시스템 소프트웨어 개발 및 공급업,9년차,중견기업,31명,146억,58%
에이치디씨신라면세점(주),면세점,,대기업,166명,,
엔에이치엔고도(주),응용 소프트웨어 개발 및 공급업,19년차,중견기업,211명,332억,21%
(주)신세계디에프,남녀용 겉옷 및 셔츠 도매업,7년차,대기업,469명,,
한국에스티엘(주),남녀용 겉옷 및 셔츠 도매업,11년차,대기업,27명,,
아사아블로이코리아(주),"철물, 금속 파스너 및 수공구 도매업",18년차,대기업,261명,,
롯데오토케어(주),자동차 신품 판매업,9년차,대기업,531명,556억,2%
동진상선(주),외항 화물 운송업,38년차,중견기업,249명,,
(주)어썸이엔티,매니저업,4년차,대기업,18명,,
(주)예가람저축은행,상호저축은행 및 기타 저축기관,17년차,대기업,189명,1094억,8%
오스템파마(주),완제 의약품 제조업,7년차,중견기업,56명,42억,41%
르네사스일렉트로닉스한국(주),전기용 기계ㆍ장비 및 관련 기자재 도매업,16년차,중견기업,81명,2075억,10%
대아이앤씨(주),산업생산시설 종합건설업,43년차,중견기업,487명,4623억,7%
케이비신용정보(주),신용 조사 및 추심 대행업,,중견기업,135명,397억,4%
(주)뱅뱅어패럴,"근무복, 작업복 및 유사의복 제조업",44년차,중견기업,111명,,
(주)참트레이딩,사료 도매업,12년차,대기업,18명,593억,73%
벽산페인트(주),일반용 도료 및 관련제품 제조업,37년차,중견기업,171명,,
케이씨에이치에너지(주),금속광물 도매업,15년차,중견기업,15명,,
현대자산운용(주),그 외 기타 분류 안된 금융업,14년차,대기업,150명,213억,76%
에스씨301의원,일반 의원,,1000대기업,,,
대림산업㈜석유화학사업부,제조·화학,,"대기업,1000대기업",540명,,
(주)디아이비즈,생활용 가구 도매업,7년차,중견기업,64명,133억,47%
남성해운(주),외항 화물 운송업,69년차,중견기업,220명,,
(주)미래엠,호텔업,5년차,대기업,66명,,
한국허벌라이프(주),상품 종합 중개업,28년차,중견기업,74명,1522억,25%
한라개발(주),사업시설 유지ㆍ관리 서비스업,26년차,대기업,379명,,
(주)히타치엘지데이터스토리지코리아,"컴퓨터 및 주변장치, 소프트웨어 도매업",,"대기업,1000대기업",189명,,
아주네트웍스(주),자동차 신품 판매업,16년차,중견기업,143명,,
(주)매일경제티브이,유선 방송업,11년차,중견기업,49명,291억,69%
구산토건(주),토목시설물 건설업,40년차,중견기업,200명,,
(주)브이엘엔코,셔츠 및 블라우스 제조업,15년차,"1000대기업,중견기업",100명,,
(주)모터원,자동차 신품 판매업,,중견기업,231명,4733억,7%
(주)원펙트엔터테인먼트,녹음시설 운영업,8년차,대기업,,,
(주)아이더,셔츠 및 블라우스 제조업,8년차,"1000대기업,중견기업",108명,,
(주)한국케이블텔레콤,통신 재판매업,16년차,대기업,72명,970억,8%
한국임업진흥원,"기타 기술 시험, 검사 및 분석업",10년차,중견기업,171명,578억,53%
한국태양유전(주),전기용 기계ㆍ장비 및 관련 기자재 도매업,50년차,중견기업,65명,3128억,61%
엠지손해보험(주),손해 보험업,9년차,"중견기업,1000대기업",711명,1조,4%
(주)세방테크,건물용 기계ㆍ장비 설치 공사업,44년차,중견기업,154명,4233억,21%
(주)삼진글로벌넷,상품 종합 도매업,6년차,중견기업,265명,1996억,11%
(주)미래비엠,건축물 일반 청소업,11년차,중견기업,695명,446억,3%
(주)씨에스리더,콜센터 및 텔레마케팅 서비스업,21년차,대기업,906명,474억,4%
(주)영풍문고,"서적, 잡지 및 기타 인쇄물 도매업",2년차,대기업,77명,,
켑코솔라(주),태양력 발전업,6년차,대기업,6명,39억,100%
(주)대신경제연구소,경영 컨설팅업,,중견기업,49명,33억,21%
(주)케이큐브홀딩스,기타 금융 투자업,15년차,대기업,7명,175억,76%
(주)재규어랜드로버코리아,자동차 신품 판매업,14년차,"1000대기업,중견기업",71명,,
(주)세아네트웍스,내부 통신배선 공사업,30년차,대기업,38명,,
(주)지에스넷비전,광고 대행업,14년차,대기업,79명,240억,13%
고려종합국제운송(주),"화물운송 중개, 대리 및 관련 서비스업",35년차,중견기업,58명,572억,49%
(주)오설록,기타 가공식품 도매업,3년차,중견기업,50명,477억,268%
에스케이트레이딩인터내셔널(주),액체연료 및 관련제품 도매업,9년차,대기업,122명,,
(주)중국공상은행,외국은행,,대기업,157명,1조,202%
에이제이오토파킹시스템즈(주),승강기 제조업,30년차,중견기업,110명,,
넷마블엔투(주),유선 온라인 게임 소프트웨어 개발 및 공급업,11년차,중견기업,565명,317억,14%
(주)평화이즈,컴퓨터시스템 통합 자문 및 구축 서비스업,15년차,중견기업,173명,,
스토케코리아(유),그 외 기타 생활용품 도매업,10년차,대기업,17명,,
제이티비씨미디어텍(주),방송 프로그램 제작업,11년차,중견기업,279명,,
(주)셀트리온엔터테인먼트,방송 프로그램 제작업,10년차,대기업,19명,,
(주)슈퍼레이스,그 외 기타 스포츠 서비스업,16년차,대기업,17명,,
롯데자산개발(주),비주거용 건물 개발 및 공급업,21년차,대기업,48명,,
(주)아모스프로페셔널,화장품 및 화장용품 도매업,,대기업,93명,,
(주)스노젠그린,셔츠 및 블라우스 제조업,18년차,중견기업,123명,,
사회복지법인굿네이버스,상품 종합 도매업,,중견기업,673명,,
다함하비오(주),비주거용 건물 개발 및 공급업,11년차,"1000대기업,중견기업",3명,,
(주)한유,기타 수상 운송지원 서비스업,55년차,중견기업,136명,1296억,25%
메리츠자산운용(주),신탁업 및 집합투자업,14년차,대기업,59명,170억,23%
(주)케이티엠오에스북부,기타 엔지니어링 서비스업,19년차,대기업,875명,679억,7%
한국산업기술진흥원,기타 공학 연구개발업,13년차,중견기업,312명,1조,5%
에이제이전시몰(주),컴퓨터 제조업,15년차,중견기업,59명,525억,42%
에이아이지손해보험(주),손해 보험업,11년차,"1000대기업,중견기업",373명,8725억,1%
글로벌세아(주),경영 컨설팅업,34년차,중견기업,김기명,1397억,144%
레스타일렉트로닉스코리아(주),전기용 기계ㆍ장비 및 관련 기자재 도매업,32년차,중견기업,55명,2567억,1374%
(주)지엔텔,기타 엔지니어링 서비스업,18년차,중견기업,258명,,
흥국증권(주),증권 중개업,22년차,대기업,154명,465억,38%
(주)아성에이치엠피,그 외 기타 생활용품 도매업,13년차,중견기업,238명,5086억,8%
알바코퍼레이션(주),상품 종합 도매업,,중견기업,20명,,
(주)부영주택,주거용 건물 개발 및 공급업,13년차,대기업,김시병/최양환/신명호/이용학,2조,159%
코히런트코리아(유),기타 산업용 기계 및 장비 도매업,11년차,중견기업,106명,1909억,73%
한국에자이(주),의약품 도매업,25년차,중견기업,188명,2096억,6%
라인플레이(주),응용 소프트웨어 개발 및 공급업,11년차,중견기업,141명,170억,15%
(주)앰배스텔,호텔업,27년차,중견기업,67명,,
옵티멀에너지서비스(주),산업생산시설 종합건설업,19년차,중견기업,528명,822억,10%
(주)에스텍에이스,경비 및 경호 서비스업,23년차,중견기업,"1,730명",568억,6%
대한지방행정공제회,연금업,47년차,중견기업,84명,1조,1%
최신물산(주),편조의복 제조업,,중견기업,93명,,
굿앤파트너스(주),상용 인력 공급 및 인사관리 서비스업,4년차,중견기업,233명,218억,100%
(주)귀뚜라미에너지,연료용 가스 제조 및 배관공급업,,중견기업,이명호/최진민,,
(주)정정당당,한식 일반 음식점업,18년차,중견기업,592명,,
(주)신안관광,호텔업,44년차,중견기업,308명,,
(주)서빅,고용 알선업,15년차,중견기업,"1,117명",406억,10%
(주)테크팩솔루션,포장용 유리용기 제조업,14년차,대기업,711명,,
한국그런포스펌프(주),그 외 기타 기계 및 장비 도매업,33년차,중견기업,160명,,
디에이인포메이션(주),"컴퓨터 및 주변장치, 소프트웨어 도매업",16년차,중견기업,75명,125억,27%
삼성벤처투자(주),기타 금융 투자업,,대기업,64명,,
(주)엠허브,광고 대행업,24년차,대기업,56명,113억,3%
(주)농심기획,광고 대행업,26년차,중견기업,55명,214억,3%
동부자산관리(주),기타 운송장비 임대업,6년차,중견기업,110명,80억,734%
(주)고암,사업시설 유지ㆍ관리 서비스업,40년차,중견기업,"3,362명",1294억,111%
엔탑자산관리(주),경영 컨설팅업,6년차,대기업,58명,25억,14%
(주)삼천리이에스,배관 및 냉ㆍ난방 공사업,21년차,대기업,81명,,
(주)에프엠케이,자동차 신품 판매업,15년차,대기업,203명,,
(주)엘에프푸드,서양식 음식점업,15년차,중견기업,337명,1048억,68%
세아에스티엑스엔테크(주),산업생산시설 종합건설업,,중견기업,180명,1129억,24%
롯데액셀러레이터(주),경영 컨설팅업,6년차,대기업,15명,16억,81%
노키아솔루션앤네트웍스코리아(주),통신ㆍ방송장비 및 부품 도매업,16년차,대기업,294명,,
로옴세미컨덕터코리아(주),전기용 기계ㆍ장비 및 관련 기자재 도매업,26년차,중견기업,139명,,
블루월넛(주),그 외 기타 금융 지원 서비스업,6년차,대기업,23명,609억,122%
굿어스데이터(주),컴퓨터시스템 통합 자문 및 구축 서비스업,4년차,중견기업,56명,,
(주)대림피앤피,기타 화학물질 및 화학제품 도매업,3년차,대기업,73명,6540억,65%
(주)엔타스,한식 일반 음식점업,19년차,중견기업,684명,,
슐저지티씨테크놀로지코리아(주),그 외 기타 일반목적용 기계 제조업,15년차,중견기업,68명,,
(주)세중정보기술,응용 소프트웨어 개발 및 공급업,29년차,중견기업,70명,,
한국후지필름(주),기타 화학물질 및 화학제품 도매업,4년차,대기업,117명,,
(주)아모제,"채소류, 서류 및 향신작물류 도매업",,중견기업,150명,,
(주)키움이앤에스,비주거용 부동산 관리업,23년차,중견기업,15명,,
아주큐엠에스(주),응용 소프트웨어 개발 및 공급업,23년차,중견기업,55명,85억,7%
(주)에이치엔씨네트워크,상용 인력 공급 및 인사관리 서비스업,15년차,대기업,782명,,
길리어드사이언스코리아(유),의약품 도매업,11년차,대기업,70명,1750억,3%
유안타저축은행(주),상호저축은행 및 기타 저축기관,,"대기업,1000대기업",65명,,
디비자동차보험손해사정(주),손해 사정업,,대기업,920명,884억,4%
(주)갈라인터내셔널,가전제품 및 부품 도매업,14년차,중견기업,황규명,,
롯데미래전략연구소(주),경영 컨설팅업,5년차,대기업,27명,78억,64%
(주)한진관광,여행사업,9년차,대기업,127명,,
서울청과(주),음ㆍ식료품 및 담배 중개업,37년차,중견기업,91명,287억,5%
(주)에스티인터내셔널코퍼레이션,고체연료 및 관련제품 도매업,60년차,"대기업,1000대기업",68명,,
(주)하나투어아이티씨,기타 여행보조 및 예약 서비스업,19년차,중견기업,109명,,
중앙홀딩스(유),경영 컨설팅 및 공공 관계 서비스업,14년차,중견기업,68명,372억,27%
(주)롯데아사히주류,주류 도매업,22년차,대기업,99명,,
(주)케이비손해사정,손해 사정업,15년차,대기업,"1,337명",1239억,1%
한국해상풍력(주),기타 발전업,10년차,대기업,10명,,
(주)사운디스트엔터테인먼트,일반 영화 및 비디오물 제작업,6년차,대기업,8명,4억,14%
제일패션리테일(주),"섬유, 의복, 신발 및 가죽제품 중개업",11년차,대기업,615명,,
(주)풍산화동양행,그 외 기타 상품 전문 도매업,18년차,중견기업,19명,631억,4%
한국신에츠첨단재료(주),그 외 기타 상품 전문 도매업,3년차,중견기업,,,
오케이미트(주),육류 도매업,22년차,중견기업,35명,,
씨제이엠디원(주),그 외 기타 분류 안된 사업지원 서비스업,20년차,대기업,"2,136명",1499억,8%
(주)휴세코,사업시설 유지ㆍ관리 서비스업,22년차,중견기업,362명,837억,3%
(주)교원라이프,장례식장 및 장의관련 서비스업,12년차,중견기업,120명,207억,34%
(주)스카이라이프티브이,프로그램 공급업,18년차,대기업,100명,571억,1%
(주)종합건축사사무소건원,건축설계 및 관련 서비스업,,중견기업,228명,564억,44%
(주)한성라인,외항 화물 운송업,19년차,중견기업,21명,,
한국다우케미칼실리콘(주),합성수지 및 기타 플라스틱 물질 제조업,3년차,중견기업,245명,,
(주)이랜드이츠,기타 비알코올 음료 제조업,3년차,중견기업,951명,,
(주)영유통,담배 도매업,,중견기업,437명,,
이앤에스손해사정(주),손해 사정업,13년차,1000대기업,53명,,
(주)스프링캠프,기타 금융 투자업,7년차,대기업,13명,164억,83%
(주)그린웍스,"전시, 컨벤션 및 행사 대행업",15년차,중견기업,24명,,
롯데제이티비(주),여행사업,15년차,대기업,111명,,
(주)삼표산업,레미콘 제조업,9년차,"1000대기업,중견기업",930명,,
(주)크레이지다이아몬드,기타 게임 소프트웨어 개발 및 공급업,16년차,중견기업,38명,28억,13%
교보악사자산운용(주),신탁업 및 집합투자업,,대기업,117명,347억,7%
(주)케이티서비스북부,그 외 기타 분류 안된 사업지원 서비스업,15년차,대기업,"2,051명",,
강산개발(주),토공사업,44년차,중견기업,67명,343억,5%
하이호금속(주),1차 금속제품 도매업,19년차,"1000대기업,중견기업",32명,,
금호폴리켐(주),합성고무 제조업,,"대기업,1000대기업",206명,,
(주)비지에프휴먼넷,체인화 편의점,13년차,중견기업,131명,,
(주)쓰리에스포유,사업시설 유지ㆍ관리 서비스업,17년차,중견기업,"1,712명",429억,13%
한덕화학(주),감광재료 및 관련 화학제품 제조업,27년차,대기업,24명,837억,12%
페라가모코리아(주),가방 및 기타 가죽제품 소매업,,중견기업,308명,,
넷마블앤파크(주),기타 게임 소프트웨어 개발 및 공급업,22년차,중견기업,117명,155억,87%
(주)티캐스트,방송 프로그램 제작업,14년차,대기업,88명,,
(주)서륭,방직용 섬유 및 실 도매업,,중견기업,50명,,
캐논코리아컨슈머이미징(주),"안경, 사진장비 및 광학용품 도매업",17년차,중견기업,75명,,
씨앤에스에너지(주),액체연료 및 관련제품 도매업,19년차,"대기업,1000대기업",119명,,
(주)올리브스튜디오,애니메이션 영화 및 비디오물 제작업,17년차,대기업,71명,,
파즈(주),경영 컨설팅업,3년차,중견기업,9명,,
서울미라마(유),호텔업,,중견기업,608명,,
흥국자산운용(주),신탁업 및 집합투자업,,대기업,101명,252억,6%
(주)헬리스타항공,항공 화물 운송업,12년차,대기업,6명,,
아프로파이낸셜대부(주),그 외 기타 여신금융업,,"대기업,1000대기업",391명,4114억,213%
(주)소프트뱅크벤처스,기타 금융 투자업,,"대기업,1000대기업",23명,279억,144%
(주)하나감정평가법인,부동산 감정평가업,22년차,중견기업,447명,746억,6%
효성토요타(주),자동차 신품 판매업,13년차,대기업,79명,,
(재)한국특허전략개발원,기타 인문 및 사회과학 연구개발업,10년차,중견기업,160명,569억,14%
한일도요(주),"염료, 조제 무기안료, 유연제 및 기타 착색제 제조업",35년차,중견기업,98명,324억,5%
엠엔비(주),광고 대행업,6년차,중견기업,41명,47억,146%
(주)지올코리아,정밀기기 및 과학기기 도매업,,중견기업,65명,,
(주)현대백화점면세점,면세점,6년차,대기업,387명,6223억,69%
드림마크원(주),통신 재판매업,6년차,대기업,9명,94억,10%
농업협동조합자산관리회사,그 외 기타 분류 안된 금융업,11년차,대기업,158명,2583억,32%
삼표레일웨이(주),철도궤도 전문공사업,9년차,중견기업,147명,,
(주)엔에이치농협무역,"채소류, 서류 및 향신작물류 도매업",,대기업,67명,4143억,2%
아이비케이연금보험(주),생명 보험업,12년차,"대기업,1000대기업",177명,1조,4%
(주)오스람,"전구, 램프 및 조명장치 도매업",6년차,중견기업,30명,,
(주)엠디웰아이엔씨,의학 및 약학 연구개발업,15년차,중견기업,16명,106억,4%
(주)태웅물산,전자상거래 소매 중개업,12년차,1000대기업,14명,151억,83%
(주)가우플랜,호텔업,26년차,중견기업,189명,,
신동와인(주),주류 도매업,31년차,중견기업,76명,325억,32%
브이아이금융투자(주),선물 중개업,25년차,대기업,89명,,
(주)슈페리어,셔츠 및 블라우스 제조업,,중견기업,171명,,
와이씨앤티(주),호텔업,13년차,중견기업,44명,,
(주)일렘테크놀러지,석유화학계 기초 화학물질 제조업,19년차,중견기업,35명,188억,9%
메가(주),보험 대리 및 중개업,17년차,대기업,235명,3631억,6%
칼라메이트(주),도료 도매업,22년차,중견기업,26명,80억,21%
한국엔지니어링플라스틱(주),합성수지 및 기타 플라스틱 물질 제조업,35년차,"대기업,1000대기업",237명,,
하나생명보험(주),생명 보험업,,"대기업,1000대기업",177명,6262억,3%
(주)싸이버스카이,전자상거래 소매업,22년차,대기업,22명,72억,30%
에이제이파크(주),주차장 운영업,15년차,중견기업,120명,,
토파스여행정보(주),데이터베이스 및 온라인정보 제공업,,대기업,73명,,
(주)천일오토모빌,자동차 신품 판매업,14년차,중견기업,192명,,
현대인베스트먼트자산운용(주),신탁업 및 집합투자업,22년차,대기업,95명,205억,20%
크레디아그리콜코퍼레이트앤인베스트먼트뱅크,외국은행,,대기업,86명,,
(재)한국우편사업진흥원,기타 인쇄업,92년차,중견기업,270명,,
(주)콘텐츠판다,사업 및 무형 재산권 중개업,9년차,중견기업,26명,421억,17%
(주)블렌딩,음악 및 기타 오디오물 출판업,5년차,대기업,,,
(주)제이에스픽쳐스,방송 프로그램 제작업,13년차,대기업,11명,,
(주)에스비에스에이앤티,뉴스 제공업,,대기업,476명,,
(주)케이티에스씨,육류 도매업,,중견기업,120명,,
(주)세안텍스,사업시설 유지ㆍ관리 서비스업,21년차,중견기업,"1,294명",,
(주)삼성화재금융서비스보험대리점,보험 대리 및 중개업,6년차,대기업,97명,549억,49%
우이신설경전철(주),도시철도 운송업,15년차,대기업,12명,,
아사히카세이이머티리얼즈코리아(주),그 외 기타 전자부품 제조업,12년차,중견기업,184명,1710억,19%
브이아이자산운용(주),신탁업 및 집합투자업,,대기업,,207억,1%
구로발게임즈(주),유선 온라인 게임 소프트웨어 개발 및 공급업,7년차,중견기업,97명,,
아이엔지은행서울지점,외국은행,,대기업,76명,,
대한주정판매(주),주류 도매업,50년차,중견기업,71명,5091억,8%
(주)감정평가법인대일감정원,부동산 감정평가업,22년차,중견기업,431명,660억,6%
해양수산과학기술진흥원,기타 공학 연구개발업,17년차,중견기업,73명,2982억,2697%
한화역사(주),백화점,35년차,대기업,38명,,
금호개발상사(주),상품 종합 중개업,22년차,대기업,241명,552억,10%
㈜미디어윌,미디어·디자인,32년차,중견기업,"1,300명",,
(주)이수,지주회사,19년차,중견기업,45명,,
(주)아마존카,자동차 임대업,22년차,중견기업,98명,1649억,8%
에이제이에너지(주),운송장비용 주유소 운영업,4년차,중견기업,20명,,
서울고속버스터미널(주),여객 자동차 터미널 운영업,47년차,대기업,150명,,
제이제이케터링(주),기관 구내식당업,26년차,중견기업,302명,,
(주)한화육삼시티,사업시설 유지ㆍ관리 서비스업,36년차,대기업,"1,088명",,
유로지스넷(주),컴퓨터시설 관리업,16년차,중견기업,,42억,16%
(주)유한메디카,기타 가공식품 도매업,40년차,중견기업,8명,77억,14%
(주)제너시스,그 외 기타 분류 안된 사업지원 서비스업,20년차,중견기업,50명,,
(주)케이디피태남,"컴퓨터 및 주변장치, 소프트웨어 도매업",22년차,중견기업,10명,,
(주)신라홀딩스,지주회사,8년차,중견기업,10명,40억,6%
벽산파워(주),기타 엔지니어링 서비스업,13년차,중견기업,324명,326억,8%
(주)베스트토요타,자동차 신품 판매업,9년차,대기업,139명,,
리탠다드(주),침구 및 관련제품 제조업,35년차,중견기업,123명,234억,2%
(주)코마스,시스템 소프트웨어 개발 및 공급업,29년차,대기업,73명,,
(주)케이디리빙,주거용 부동산 관리업,10년차,대기업,23명,,
(주)태우그린푸드,육류 도매업,17년차,중견기업,94명,1023억,1%
서용건설(주),콘크리트 및 철근 공사업,31년차,중견기업,106명,,
(주)나라감정평가법인,부동산 감정평가업,22년차,중견기업,432명,,
(주)포스코알텍,경영 컨설팅업,5년차,대기업,38명,33억,23%
삼성액티브자산운용(주),신탁업 및 집합투자업,,대기업,25명,,
(주)비제이티인터내셔날,남녀용 겉옷 및 셔츠 도매업,18년차,중견기업,40명,,
(주)남영전구,전구 및 램프 제조업,39년차,중견기업,88명,,
현대엘엔지해운(주),외항 화물 운송업,8년차,중견기업,328명,,
(주)지에스스포츠,스포츠 클럽 운영업,18년차,대기업,37명,,
도이치파이낸셜(주),금융리스업,9년차,대기업,46명,123억,12%
다임러트럭코리아(주),자동차 신품 판매업,15년차,중견기업,84명,1225억,12%
(주)삼성생명금융서비스보험대리점,보험 대리 및 중개업,7년차,대기업,139명,763억,16%
(주)이랜드스포츠,"그 외 기타 분류 안된 전문, 과학 및 기술 서비스업",8년차,대기업,14명,85억,5%
(주)보령홀딩스,비주거용 건물 임대업,,중견기업,32명,,
케이비자산운용(주),신탁업 및 집합투자업,34년차,대기업,206명,1320억,7%
서울복합물류자산관리(주),비주거용 부동산 관리업,11년차,대기업,20명,,
(주)아크도,"컴퓨터 및 주변장치, 소프트웨어 도매업",18년차,중견기업,40명,,
(주)지카,자동차 신품 판매업,9년차,중견기업,14명,,
(주)채권추심전문엘씨대부,그 외 기타 금융 지원 서비스업,11년차,중견기업,49명,90억,24%
(주)상상스테이,호텔업,7년차,대기업,117명,,
(주)케이토토,복권발행 및 판매업,8년차,중견기업,251명,,
(주)한국하몬,산업용 냉장 및 냉동 장비 제조업,35년차,중견기업,32명,200억,87%
(주)리드온,응용 소프트웨어 개발 및 공급업,18년차,대기업,53명,42억,27%
(주)현대드림투어,여행사업,16년차,대기업,146명,,
삼주리틀휴즈(주),전기용 기계ㆍ장비 및 관련 기자재 도매업,41년차,중견기업,26명,,
(주)한샘개발,사업시설 유지ㆍ관리 서비스업,10년차,중견기업,890명,341억,20%
훼미리식품(주),과자류 및 코코아 제품 제조업,9년차,중견기업,177명,,
홍원제지(주),인쇄용 및 필기용 원지 제조업,,"1000대기업,중견기업",198명,,
유진한일합섬(주),화학섬유 방적업,4년차,중견기업,91명,831억,8%
(주)한산디엠씨,주거용 건물 개발 및 공급업,25년차,중견기업,62명,,
교세라한국(주),전기용 기계ㆍ장비 및 관련 기자재 도매업,16년차,중견기업,79명,4431억,8%
한화라이프랩(주),보험 대리 및 중개업,17년차,대기업,295명,,
세종투자개발(주),호텔업,44년차,중견기업,76명,,
(주)유진디랩,"도배, 실내장식 및 내장 목공사업",7년차,중견기업,31명,,
삼미상사(주),액체연료 및 관련제품 도매업,67년차,중견기업,38명,,
(주)컴투게더피알케이,광고 대행업,12년차,중견기업,23명,,
(주)영화엔지니어링,육상 금속 골조 구조재 제조업,34년차,중견기업,48명,,
(주)퍼시스홀딩스,지주회사,28년차,중견기업,116명,334억,45%
(주)키다리이엔티,일반 영화 및 비디오물 제작업,6년차,중견기업,20명,174억,35%
(주)이수엑사켐,기타 화학물질 및 화학제품 도매업,21년차,중견기업,32명,3396억,43%
에릭슨엘지엔터프라이즈(주),유선 통신장비 제조업,9년차,중견기업,179명,,
(주)케이티에이엠씨,비주거용 부동산 관리업,11년차,대기업,21명,54억,24%
케이에프(주),사업시설 유지ㆍ관리 서비스업,10년차,대기업,443명,,
(주)케이씨씨실리콘,합성수지 및 기타 플라스틱 물질 제조업,2년차,대기업,496명,,
(주)흥아로지스틱스,"화물운송 중개, 대리 및 관련 서비스업",15년차,중견기업,38명,,
디비에스은행,외국은행,,대기업,59명,5조,3186%
(주)알티미디어,응용 소프트웨어 개발 및 공급업,3년차,중견기업,112명,227억,1089%
(주)티에스케이엠엔에스,기타 화학물질 및 화학제품 도매업,4년차,중견기업,24명,,
롯데역사(주),백화점,,"대기업,1000대기업",6명,,
에이제이렌탈서비스(주),건설 및 토목공사용 기계ㆍ장비 임대업,15년차,중견기업,155명,490억,3%
나디아퍼시픽(주),그 외 기타 봉제의복 제조업,10년차,중견기업,83명,,
정석기업(주),비주거용 건물 임대업,69년차,대기업,62명,,
(주)항소,"문구용품, 회화용품, 사무용품 도매업",,중견기업,61명,,
아이티엑스마케팅(주),보험 대리 및 중개업,11년차,대기업,,,
(주)에어로젤코리아,그 외 기타 건축자재 도매업,19년차,중견기업,6명,,
한국기상산업기술원,데이터베이스 및 온라인정보 제공업,13년차,중견기업,184명,690억,117%
(주)에스앤아이씨엠,건물 및 토목 엔지니어링 서비스업,3년차,대기업,121명,,
(주)태평양감정평가법인,부동산 감정평가업,21년차,중견기업,453명,734억,14%
(주)이크루즈,내륙 수상 여객 및 화물 운송업,,대기업,67명,,
메가몬스터(주),방송 프로그램 제작업,8년차,대기업,13명,102억,84%
디비자산운용(주),신탁업 및 집합투자업,,대기업,93명,249억,4%
(주)뉴테라넥스,의약품 도매업,11년차,중견기업,17명,,
(주)오피엠에스,광고 대행업,17년차,중견기업,16명,22억,20%
입센코리아(주),의약품 도매업,,중견기업,46명,293억,27%
케무어스코리아(주),"염료, 안료 및 관련제품 도매업",8년차,중견기업,32명,,
(주)유니드글로벌상사,기타 화학물질 및 화학제품 도매업,28년차,대기업,71명,,
(주)제이케이필름,"영화, 비디오물 및 방송프로그램 제작 관련 서비스업",20년차,대기업,9명,,
나이스씨엠에스(주),용달 화물자동차 운송업,14년차,중견기업,391명,,
(주)아이비스포츠,지상파 방송업,13년차,대기업,22명,133억,10%
에이제이토탈(주),냉장 및 냉동 창고업,14년차,"1000대기업,중견기업",124명,,
코웨이엔텍(주),환경설비 건설업,6년차,중견기업,128명,,
한국신용평가(주),"그 외 기타 분류 안된 전문, 과학 및 기술 서비스업",,중견기업,117명,425억,11%
(주)커브스코리아,"그 외 기타 분류 안된 전문, 과학 및 기술 서비스업",16년차,중견기업,35명,,
도이치은행서울지점,외국은행,,대기업,140명,,
타임와이즈인베스트먼트(주),기타 금융 투자업,22년차,대기업,15명,63억,8%
(주)에스비에스아이앤엠,데이터베이스 및 온라인정보 제공업,5년차,대기업,60명,,
(주)제일감정평가법인,부동산 감정평가업,20년차,중견기업,449명,740억,14%
(주)에스엠에프앤비디벨롭먼트,서양식 음식점업,14년차,중견기업,75명,,
(주)오토피온,응용 소프트웨어 개발 및 공급업,9년차,대기업,70명,,
(주)코잇,"컴퓨터 및 주변장치, 소프트웨어 도매업",16년차,중견기업,42명,3154억,48%
케이씨솔라앤에너지(주),태양력 발전업,17년차,중견기업,25명,,
도시바일렉트로닉스코리아(주),전기용 기계ㆍ장비 및 관련 기자재 도매업,23년차,"1000대기업,중견기업",43명,,
(주)로아코리아,화장품 제조업,4년차,대기업,3명,4억,8304%
후지쯔코리아테크놀러지(주),내부 통신배선 공사업,,중견기업,41명,,
(주)미쓰이스미토모은행서울,외국은행,,대기업,180명,4873억,49%
세일즈인사이트(주),응용 소프트웨어 개발 및 공급업,19년차,대기업,고명식,10억,33%
(주)세정과미래,"근무복, 작업복 및 유사의복 제조업",,중견기업,46명,,
(주)우주,응용 소프트웨어 개발 및 공급업,11년차,대기업,41명,11억,88%
오씨아이정보통신(주),유선 통신장비 제조업,,대기업,43명,,
비엔피파리바은행서울지점,외국은행,,"대기업,1000대기업",120명,,
한국자산캐피탈(주),신용카드 및 할부금융업,10년차,대기업,18명,289억,67%
한국경제매거진(주),잡지 및 정기간행물 발행업,,중견기업,68명,,
한국도심공항자산관리(주),공항 운영업,,중견기업,22명,,
(주)한유에너지,액체연료 및 관련제품 도매업,41년차,중견기업,84명,,
아이비케이신용정보(주),신용 조사 및 추심 대행업,22년차,중견기업,116명,307억,6%
(주)엠스텍,"기타 기술 시험, 검사 및 분석업",10년차,중견기업,168명,168억,94%
(주)미성에스엔피,경비 및 경호 서비스업,21년차,중견기업,497명,,
(주)서울유니온약품,의약품 도매업,17년차,중견기업,48명,2702억,16%
(주)고원화성,기타 화학물질 및 화학제품 도매업,30년차,중견기업,28명,,
(주)동부고속,시외버스 운송업,5년차,대기업,232명,,
(주)조이크레디트대부금융,그 외 기타 여신금융업,15년차,중견기업,77명,,
케이오(주),기타 항공 운송지원 서비스업,7년차,대기업,232명,,
(주)세중에스앤씨,시스템 소프트웨어 개발 및 공급업,15년차,중견기업,30명,,
한국나가세(주),상품 종합 도매업,21년차,중견기업,27명,,
미래에셋펀드서비스(주),그 외 기타 금융 지원 서비스업,,대기업,54명,171억,7%
(주)칼호텔네트워크,호텔업,,대기업,336명,,
(주)경일감정평가법인,부동산 감정평가업,20년차,중견기업,346명,779억,21%
원영건업(주),콘크리트 및 철근 공사업,39년차,중견기업,29명,,
(주)갈무리학원,온라인 교육 학원,10년차,1000대기업,,30억,10%
유안타인베스트먼트(주),기타 금융 투자업,33년차,대기업,19명,84억,46%
엔에이치아문디자산운용(주),신탁업 및 집합투자업,19년차,대기업,160명,718억,35%
(주)비노파라다이스,주류 도매업,,중견기업,54명,40억,48%
비엔피파리바카디프생명보험(주),생명 보험업,20년차,"대기업,1000대기업",200명,,
(주)동원와인플러스,주류 도매업,19년차,대기업,11명,130억,16%
삼성에스알에이자산운용(주),신탁업 및 집합투자업,10년차,대기업,99명,,
(주)케이제이모터라드,모터사이클 및 부품 도매업,15년차,대기업,34명,151억,8%
(주)신한방,면 방적업,,중견기업,18명,,
한국우시오(주),"전구, 램프 및 조명장치 도매업",26년차,중견기업,51명,,
(주)흥업,사업시설 유지ㆍ관리 서비스업,32년차,대기업,39명,59억,60%
(주)탱그램팩토리,응용 소프트웨어 개발 및 공급업,8년차,대기업,,,
(주)엠즈파트너스,그 외 기타 분류 안된 사업지원 서비스업,12년차,중견기업,445명,,
전방텍스타일(주),속옷 및 잠옷 제조업,51년차,중견기업,20명,84억,19%
(주)혜성프로비젼,육류 도매업,19년차,중견기업,26명,1744억,416%
브로드밴드노원방송(주),유선 방송업,21년차,대기업,12명,,
(주)엔디,"광고물 문안, 도안, 설계 등 작성업",14년차,대기업,김명건,,
(주)닥터스텍,기타 가정용 전기기기 제조업,22년차,중견기업,46명,190억,6%
(주)케이비에스엔,프로그램 공급업,21년차,중견기업,175명,,
후지쯔코리아솔루션서비스(주),응용 소프트웨어 개발 및 공급업,22년차,중견기업,37명,132억,24%
유진아이티서비스(주),시스템 소프트웨어 개발 및 공급업,8년차,중견기업,53명,,
나이스플러스(주),응용 소프트웨어 개발 및 공급업,12년차,중견기업,22명,22억,12%
창명해운(주),외항 화물 운송업,,대기업,35명,,
에이제이카리안서비스(주),그 외 기타 분류 안된 사업지원 서비스업,21년차,중견기업,105명,,
삼성헤지자산운용(주),신탁업 및 집합투자업,5년차,대기업,12명,,
(주)동광주택,주거용 건물 개발 및 공급업,13년차,대기업,김시병/최양환/신명호,,
디디피스페셜티프로덕츠코리아(주),합성수지 및 기타 플라스틱 물질 제조업,,"대기업,1000대기업",35명,2318억,80%
(주)인성디지탈,"컴퓨터 및 주변장치, 소프트웨어 도매업",24년차,중견기업,46명,,
한겨레엔(주),일반 서적 출판업,16년차,중견기업,20명,46억,10%
동화청과(주),음ㆍ식료품 및 담배 중개업,45년차,중견기업,84명,,
(주)휴맥스해운항공,"화물운송 중개, 대리 및 관련 서비스업",20년차,중견기업,32명,176억,12%
(주)시몬느에프씨,상품 종합 도매업,16년차,중견기업,52명,,
동영해운(주),외항 화물 운송업,6년차,중견기업,37명,1466억,3%
(주)씨비에스아이,뉴스 제공업,22년차,중견기업,61명,96억,36%
자트코코리아엔지니어링(주),기타 공학 연구개발업,24년차,중견기업,250명,,
(주)올레건설,콘크리트 및 철근 공사업,30년차,중견기업,10명,,
(주)한화에스테이트서비스,사업시설 유지ㆍ관리 서비스업,3년차,대기업,,,
(주)삼창감정평가법인,부동산 감정평가업,19년차,중견기업,432명,757억,18%
(주)미셸푸드,기타 가공식품 도매업,14년차,중견기업,288명,,
(주)한진해운,외항 화물 운송업,13년차,중견기업,"1,356명",,
(주)제오젠,컴퓨터시스템 통합 자문 및 구축 서비스업,22년차,중견기업,25명,,
씨제이브리딩(주),기타 작물 재배업,7년차,대기업,,75억,82%
(유)동원아이엔씨,호텔업,,중견기업,216명,,
행복두드리미(주),그 외 기타 분류 안된 사업지원 서비스업,9년차,대기업,,20억,4%
(주)아트서비스,"영화, 비디오물 및 방송프로그램 제작 관련 서비스업",21년차,대기업,5명,,
농업회사법인농협식품(주),기타 가공식품 도매업,5년차,대기업,33명,540억,15%
(주)사조시스템즈,비주거용 건물 임대업,40년차,중견기업,84명,,
아시아나세이버(주),기타 정보기술 및 컴퓨터운영 관련 서비스업,18년차,대기업,39명,,
(주)현대미디어,방송 프로그램 제작업,17년차,대기업,36명,194억,5%
디비금융서비스(주),그 외 기타 분류 안된 금융업,8년차,대기업,29명,241억,82%
(재)씨비에스,라디오 방송업,,중견기업,480명,944억,3%
(주)항공종합서비스,상용 인력 공급 및 인사관리 서비스업,21년차,대기업,408명,,
크레디트스위스은행서울지점,외국은행,25년차,"대기업,1000대기업",28명,5조,19%
유티모스트아이엔에스(주),"컴퓨터 및 주변장치, 소프트웨어 도매업",22년차,중견기업,38명,,
(주)디비월드,골프장 운영업,33년차,대기업,42명,176억,29%
굿어스스마트솔루션(주),컴퓨터시스템 통합 자문 및 구축 서비스업,4년차,중견기업,42명,,
카가에프이아이코리아(주),전기용 기계ㆍ장비 및 관련 기자재 도매업,23년차,"대기업,1000대기업",16명,,
케이앤씨뮤직(주),음악 및 기타 오디오물 출판업,8년차,중견기업,2명,39억,12%
우리자산운용(주),신탁업 및 집합투자업,22년차,대기업,87명,,
클라쎄오토(주),자동차 신품 판매업,20년차,중견기업,266명,1623억,46%
(주)동화면세점,면세점,49년차,중견기업,53명,,
동원씨앤에스(주),그 외 기타 분류 안된 사업지원 서비스업,,대기업,508명,,
한스자람(주),주거용 건물 개발 및 공급업,17년차,중견기업,,,
세계혼재항공화물(주),기타 항공 운송지원 서비스업,46년차,대기업,20명,61억,133%
리더스금융판매(주),보험 대리 및 중개업,12년차,중견기업,353명,,
(주)대농텍스타일,면직물 직조업,14년차,중견기업,31명,523억,19%
디비엠앤에스(주),보험 대리 및 중개업,9년차,대기업,12명,355억,29%
서부도시가스서비스(주),그 외 기타 분류 안된 사업지원 서비스업,14년차,대기업,45명,13억,1%
(주)전한,한식 일반 음식점업,19년차,중견기업,350명,,
(주)신동진,비주거용 건물 임대업,,대기업,5명,,
(주)세빛섬,비주거용 건물 임대업,14년차,대기업,7명,,
(주)유비펀,유선 온라인 게임 소프트웨어 개발 및 공급업,17년차,중견기업,54명,43억,50%
(주)다비치홀딩스,기타 부동산 개발 및 공급업,19년차,중견기업,2명,154억,474%
컴투스타이젬(주),유선 온라인 게임 소프트웨어 개발 및 공급업,22년차,중견기업,48명,40억,5%
엠제이에이와인(주),음료 소매업,14년차,대기업,20명,190억,6%
(주)아이온시큐리티,그 외 기타 분류 안된 사업지원 서비스업,10년차,중견기업,조명래,24억,2%
(주)나노티에스,컴퓨터 모니터 제조업,,중견기업,18명,,
(주)안국루브텍,액체연료 및 관련제품 도매업,13년차,중견기업,38명,586억,4%
(주)모두의컴퍼니,광고 대행업,9년차,중견기업,,21억,2320%
비엔케이자산운용(주),신탁업 및 집합투자업,14년차,대기업,63명,114억,54%
(주)조선뉴스프레스,잡지 및 정기간행물 발행업,21년차,중견기업,101명,,
엠지신용정보(주),신용 조사 및 추심 대행업,12년차,중견기업,"1,566명",778억,14%
(주)아이언그레이,비주거용 건물 임대업,10년차,대기업,9명,165억,48%
한국투자밸류자산운용(주),신탁업 및 집합투자업,16년차,대기업,54명,,
(주)에스앤에프네트웍스,컴퓨터시스템 통합 자문 및 구축 서비스업,21년차,대기업,2명,,
미래에쿼티파트너스(주),기타 금융 투자업,14년차,대기업,7명,33억,164%
(주)삼표에너지,운송장비용 주유소 운영업,,중견기업,85명,,
에이디알에프 인터내셔널,협회·단체,28년차,1000대기업,30명,,
(주)글로벌이앤비,광고 대행업,13년차,중견기업,,19억,60%
(주)선진모터스,자동차 신품 판매업,8년차,중견기업,157명,,
(주)메타기획컨설팅,그 외 기타 창작 및 예술관련 서비스업,22년차,중견기업,31명,30억,32%
(주)인터렉스메가라인,"화물운송 중개, 대리 및 관련 서비스업",16년차,중견기업,35명,72억,57%
풍림무약,제약·보건·바이오,48년차,1000대기업,211명,,
(주)스포츠동아,신문 발행업,14년차,중견기업,,,
스카이씨엔씨,하드웨어·장비,15년차,1000대기업,11명,,
엔에이치씨엠에스(주),그 외 기타 분류 안된 사업지원 서비스업,11년차,대기업,417명,452억,5%
(주)엠비엔미디어텍,방송 프로그램 제작업,5년차,중견기업,144명,171억,7%
(주)평화드림,의료기기 도매업,18년차,중견기업,24명,,
(주)아스트로너지쏠라코리아,전기용 기계ㆍ장비 및 관련 기자재 도매업,13년차,중견기업,22명,520억,1%
(주)월디스투어,여행사업,14년차,중견기업,91명,,
광림통상(주),편조의복 제조업,,중견기업,187명,,
맥쿼리한국인프라투융자회사,신탁업 및 집합투자업,20년차,대기업,,2952억,13%
(주)파라다이스투어,여행사업,15년차,중견기업,34명,47억,5%
삼양화성(주),합성수지 및 기타 플라스틱 물질 제조업,,중견기업,116명,,
삼호그린인베스트먼트(주),기타 금융 투자업,15년차,대기업,10명,34억,31%
(주)대원총업,기타 자동차 신품 부품 및 내장품 판매업,30년차,중견기업,45명,,
(주)에스피에이치,컴퓨터 프로그래밍 서비스업,13년차,대기업,30명,74억,25%
현대엠파트너스(주),경영 컨설팅업,,대기업,11명,65억,57%
(주)단티,상품 종합 도매업,9년차,1000대기업,,,
(주)기창건설,콘크리트 및 철근 공사업,27년차,중견기업,40명,1022억,14%
지스퀘어피에프브이(주),비주거용 건물 개발 및 공급업,6년차,중견기업,2명,2880억,199%
(주)켐텍인터내셔날,바이오 연료 및 혼합물 제조업,22년차,대기업,21명,,
(주)우림에프엠지홀딩스,지주회사,29년차,중견기업,29명,,
(주)데이콤크로싱,유선 통신업,21년차,대기업,14명,,
한국카앤라이프(주),자동차용 전용 신품 부품 판매업,5년차,대기업,12명,34억,42%
씨앤에스유통(주),운송장비용 주유소 운영업,15년차,중견기업,104명,,
유퍼스트보험마케팅(주),보험 대리 및 중개업,21년차,대기업,221명,1909억,8%
(주)이랜드서비스,사업시설 유지ㆍ관리 서비스업,2년차,중견기업,334명,,
(주)웅진투투럽,화장품 및 화장용품 도매업,9년차,중견기업,,84억,16%
(주)케이지씨라이프앤진,방문 판매업,19년차,대기업,41명,449억,20%
(주)피그,응용 소프트웨어 개발 및 공급업,7년차,대기업,19명,,
(주)에스비에스엠앤씨,광고 대행업,11년차,대기업,83명,,
흥아라인(주),외항 화물 운송업,3년차,중견기업,123명,6349억,656%
스마트미디어렙(주),광고 대행업,,중견기업,21명,,
(주)아승오토모티브그룹,자동차 신품 판매업,9년차,대기업,8명,13억,208%
국민비투멘(주),외항 화물 운송업,22년차,중견기업,10명,,
아산상선(주),외항 화물 운송업,22년차,중견기업,30명,,
갤럭시아코퍼레이션(주),남녀용 겉옷 및 셔츠 도매업,11년차,대기업,8명,430억,12%
이지석유(주),액체연료 및 관련제품 도매업,22년차,중견기업,13명,,
(주)피앤에쓰,그 외 기타 분류 안된 사업지원 서비스업,10년차,대기업,44명,69억,20%
디비캐피탈(주),신용카드 및 할부금융업,27년차,대기업,이명기,173억,15%
디비씨앤에스자동차손해사정(주),손해 사정업,11년차,대기업,737명,,
엔에이치농협리츠운용(주),기타 부동산 개발 및 공급업,4년차,대기업,,,
칼라앤터치(주),면직물 직조업,8년차,중견기업,29명,1283억,28%
(주)에이티엠플러스,그 외 기타 금융 지원 서비스업,22년차,대기업,14명,,
(주)지화이브,전기용 기계ㆍ장비 및 관련 기자재 도매업,27년차,중견기업,35명,2169억,218%
한국엔오에프메탈코팅스(주),그 외 기타 분류 안된 화학제품 제조업,,중견기업,29명,,
(주)동아프린테크,경 인쇄업,,중견기업,130명,79억,15%
중국남방항공(주),항공 여객 운송업,,대기업,"100,000명",,
(주)반도홀딩스,지주회사,42년차,중견기업,32명,,
(주)케이비손보씨엔에스,콜센터 및 텔레마케팅 서비스업,13년차,중견기업,808명,374억,3%
교통은행서울지점,외국은행,,중견기업,47명,2216억,156%
험프리에스엘큐원(주),주거용 건물 개발 및 공급업,12년차,대기업,1명,,
(주)코너스톤투자파트너스,기타 금융 투자업,6년차,대기업,13명,,
서울도시철도엔지니어링(주),"교량, 터널 및 철도 건설업",14년차,대기업,475명,325억,32%
(주)스팅코,1차 금속제품 도매업,13년차,중견기업,11명,,
(주)팬트랙,철도궤도 전문공사업,20년차,중견기업,34명,51억,42%
(주)옥산유통,담배 도매업,25년차,대기업,13명,,
휠라코리아(주),"근무복, 작업복 및 유사의복 제조업",2년차,중견기업,259명,,
하나로해운(주),외항 화물 운송업,14년차,중견기업,32명,,
세아아인스(주),편조의복 제조업,18년차,중견기업,70명,2457억,33%
현대기술투자(주),기타 금융 투자업,,대기업,20명,101억,4%
(주)와이제이씨,통관 대리 및 관련서비스업,13년차,중견기업,8명,59억,39%
(주)국일방적,면 방적업,38년차,중견기업,232명,,
(주)코스폴물산,기타 화학물질 및 화학제품 도매업,21년차,중견기업,7명,,
(주)한국스탠다드차타드증권,증권 중개업,14년차,대기업,32명,228억,28%
에프앤디인프라(주),그 외 기타 분류 안된 금융업,6년차,대기업,1명,180억,103%
유한책임회사엔엑스프로퍼티스,비주거용 건물 임대업,21년차,대기업,4명,3억,8%
무림캐피탈(주),금융리스업,13년차,대기업,20명,,
트리니티에셋매니지먼트(주),비주거용 건물 임대업,,대기업,8명,47억,4%
디비씨에스아이손해사정(주),손해 사정업,11년차,대기업,442명,,
(주)태평양자원무역,1차 금속제품 도매업,,중견기업,6명,452억,8%
대성물류건설(주),상용 인력 공급 및 인사관리 서비스업,,대기업,332명,,
(주)비엡시금융서비스,보험 대리 및 중개업,9년차,1000대기업,80명,,
유진엠(주),방송 프로그램 제작업,19년차,중견기업,55명,,
하이디스테크놀로지(주),액정 표시장치 제조업,20년차,중견기업,13명,,
(주)이엠지전선,기타 절연선 및 케이블 제조업,26년차,중견기업,95명,1540억,2%
(주)대명파트너스,부동산 중개 및 대리업,7년차,중견기업,,289억,63%
(주)현대쇼핑,비주거용 건물 임대업,24년차,대기업,4명,18억,2%
현대투자파트너스(주),투자 자문업 및 투자 일임업,14년차,대기업,8명,,
(주)런이십일,"서적, 잡지 및 기타 인쇄물 도매업",13년차,중견기업,9명,247억,3%
우림해운(주),외항 화물 운송업,39년차,중견기업,47명,,
케이씨씨홀딩스(주),지주회사,11년차,중견기업,9명,158억,47%
브랜드무브(주),경영 컨설팅업,15년차,대기업,8명,,
(주)실버텍스,스타킹 및 기타 양말 제조업,35년차,중견기업,45명,,
(주)에스비에스플러스,방송 프로그램 제작업,,중견기업,15명,651억,59%
대보엘앤에스(주),외항 화물 운송업,14년차,중견기업,5명,,
아이에스지주(주),지주회사,10년차,중견기업,31명,567억,85%
(주)와이비엠홀딩스,기타 부동산 임대업,10년차,중견기업,3명,,
(주)제니엘메디컬,임시 및 일용 인력 공급업,18년차,중견기업,590명,,
금호티앤아이(주),지주회사,5년차,대기업,12명,,
(주)페럼인프라,골프장 운영업,13년차,대기업,33명,427억,229%
(주)벽송엔지니어링건축사사무소,건축설계 및 관련 서비스업,,중견기업,,,
(주)비지에프에코바이오,기타 화학물질 및 화학제품 도매업,3년차,중견기업,,,
(주)애플뮤직,"서적, 잡지 및 기타 인쇄물 도매업",9년차,"대기업,1000대기업",,237억,41%
(주)탄천환경,하수 처리업,22년차,중견기업,145명,490억,1%
(주)네오비엔에스,응용 소프트웨어 개발 및 공급업,18년차,"중견기업,스타트업",14명,114억,41%
신안종합건설,도로 건설업,,중견기업,104명,1663억,124%
마곡지구피에프브이(주),비주거용 건물 개발 및 공급업,8년차,대기업,,,
(주)탄천이앤이,사업시설 유지ㆍ관리 서비스업,13년차,대기업,4명,,
전원산업(주),호텔업,54년차,중견기업,242명,,
(주)본만제,빵류 제조업,12년차,중견기업,,,
(주)스포츠모터사이클코리아,모터사이클 및 부품 도매업,15년차,대기업,11명,27억,25%
리앤리어드바이저스(주),비주거용 건물 개발 및 공급업,15년차,중견기업,36명,150억,31%
(주)유니기획,광고 대행업,,중견기업,21명,50억,23%
(주)세진디엔씨,주거용 건물 개발 및 공급업,19년차,중견기업,6명,651억,2727%
(주)태승이십일,호텔업,,중견기업,198명,,
윈앤피(주),전동기 및 발전기 제조업,16년차,중견기업,7명,669억,3%
대신에이엠씨(주),그 외 기타 분류 안된 금융업,20년차,대기업,56명,,
(주)니콘인스트루먼트코리아,"안경, 사진장비 및 광학용품 도매업",17년차,중견기업,24명,,
(주)삼라마이다스,그 외 기타 건축자재 도매업,,대기업,1명,574억,621%
한국제지(주),인쇄용 및 필기용 원지 제조업,,중견기업,507명,,
맥쿼리증권(주),증권 중개업,16년차,대기업,63명,,
서울복합물류프로젝트금융투자(주),비주거용 건물 임대업,11년차,대기업,,558억,3%
(주)심팩홀딩스,그 외 기타 1차 철강 제조업,,중견기업,38명,1727억,18%
(주)엔비전스,"전시, 컨벤션 및 행사 대행업",13년차,대기업,33명,,
막스코(주),의복 액세서리 및 모조 장신구 도매업,11년차,중견기업,53명,,
(주)중앙엠앤에이치,임시 및 일용 인력 공급업,18년차,대기업,772명,,
호반프라퍼티(주),비주거용 건물 임대업,,중견기업,46명,,
한국선박금융(주),기타 운송장비 임대업,19년차,대기업,17명,,
(주)하나투어비즈니스,여행사업,,중견기업,82명,,
휴먼파워(주),시스템 소프트웨어 개발 및 공급업,12년차,대기업,55명,173억,1%
(주)신영프레시젼,주거용 건물 건설업,23년차,중견기업,5명,90억,556%
(주)제니엘휴먼,상용 인력 공급 및 인사관리 서비스업,19년차,중견기업,"1,047명",458억,7%
동남주택산업(주),주거용 건물 개발 및 공급업,49년차,중견기업,3명,10억,309%
(주)무주덕유산리조트,휴양콘도 운영업,42년차,대기업,245명,,
대한파카라이징(주),"염료, 조제 무기안료, 유연제 및 기타 착색제 제조업",40년차,중견기업,65명,,
에이치디씨자산운용(주),신탁업 및 집합투자업,22년차,대기업,44명,88억,13%
(주)엑세스서울,응용 소프트웨어 개발 및 공급업,17년차,중견기업,10명,,
유진프라이빗에쿼티(주),경영 컨설팅업,7년차,중견기업,4명,5억,466%
(주)서남환경,하수 처리업,21년차,중견기업,175명,,
마이스터모터스(주),자동차 신품 판매업,16년차,중견기업,324명,2195억,58%
영풍개발(주),비주거용 부동산 관리업,33년차,대기업,2명,,
(주)하이이노서비스,주차장 운영업,23년차,중견기업,84명,,
(주)세광패션,직물 도매업,12년차,대기업,,,
(주)해동이앤씨,건물 건설업,16년차,중견기업,61명,,
(주)티에스우인,사업시설 유지ㆍ관리 서비스업,48년차,중견기업,293명,,
에네오스코리아(주),석유화학계 기초 화학물질 제조업,10년차,중견기업,6명,,
한국투자프라이빗에쿼티(주),그 외 기타 분류 안된 금융업,12년차,대기업,22명,70억,32%
공덕경우개발(주),비주거용 건물 임대업,12년차,대기업,6명,,
(주)코오롱인베스트먼트,기타 금융 투자업,22년차,대기업,16명,132억,77%
(주)스피젠,자동차용 전용 신품 부품 판매업,3년차,중견기업,,30억,69%
(주)안국에너지,액체연료 및 관련제품 도매업,,중견기업,안명준/안정환,,
청진이삼프로젝트(주),비주거용 건물 임대업,12년차,대기업,1명,219억,1%
(주)해피그린서비스,그 외 기타 분류 안된 사업지원 서비스업,15년차,대기업,,,
동일석유(주),액체연료 및 관련제품 도매업,,중견기업,121명,,
오씨아이드림(주),상용 인력 공급 및 인사관리 서비스업,3년차,중견기업,,,
(주)딜라이브강남케이블티브이,유선 방송업,28년차,중견기업,99명,,
유한책임회사와이즈키즈,인형 및 장난감 제조업,21년차,대기업,10명,3억,49559%
(주)사조씨앤씨,임시 및 일용 인력 공급업,13년차,중견기업,898명,361억,12%
페리(유),건설 및 토목공사용 기계ㆍ장비 임대업,,중견기업,112명,,
엠에스에스펄프(주),"종이 원지, 판지, 종이상자 도매업",9년차,중견기업,16명,,
(주)휴먼앤어스,서비스업,19년차,1000대기업,10명,33억,79%
(주)삼양에프앤비,서양식 음식점업,21년차,중견기업,5명,,
(주)인포유금융서비스,경영 컨설팅업,13년차,대기업,74명,,
(주)투어마케팅코리아,여행사업,18년차,중견기업,이재명,,
씨에스마린(주),외항 화물 운송업,10년차,대기업,4명,,
(주)클리어존,"화물운송 중개, 대리 및 관련 서비스업",15년차,중견기업,"3,920명",,
삼양목장(주),젖소 사육업,50년차,중견기업,41명,66억,14%
(주)밀레에델바이스홀딩스,셔츠 및 블라우스 제조업,25년차,중견기업,3명,,
(주)이랜드중국패션디자인,"패션, 섬유류 및 기타 전문 디자인업",15년차,대기업,132명,,
(주)에스앤피리미티드,1차 금속제품 도매업,14년차,중견기업,14명,1620억,19%
타워스틸(주),1차 금속제품 도매업,18년차,중견기업,27명,,
일도화학(주),합성수지 및 기타 플라스틱 물질 제조업,9년차,중견기업,7명,,
(주)하티켐,플라스틱물질 및 합성고무 도매업,27년차,중견기업,33명,2343억,15%
공덕개발(주),비주거용 건물 임대업,,대기업,2명,109억,2%
(주)오감,데이터베이스 및 온라인정보 제공업,9년차,1000대기업,10명,17억,11%
농업회사법인농협양곡(주),곡물 및 유지작물 도매업,7년차,대기업,103명,1341억,43%
(주)디아이플로,"근무복, 작업복 및 유사의복 제조업",4년차,중견기업,47명,,
넥스콘테크놀러지(주),기타 산업용 기계 및 장비 임대업,26년차,중견기업,10명,,
타타대우상용차판매(주),자동차 신품 판매업,12년차,"1000대기업,중견기업",,396억,7%
신촌역사(주),비주거용 건물 임대업,25년차,대기업,9명,,
케이에이치에너지(주),액체연료 및 관련제품 도매업,36년차,중견기업,139명,,
씨앤에이치캐피탈(주),대출·캐피탈·여신,13년차,1000대기업,51명,,
서울공항리무진(주),기타 도시 정기 육상 여객 운송업,8년차,대기업,265명,,
페트로코리아(주),액체연료 및 관련제품 도매업,23년차,중견기업,10명,,
(주)에코캐피탈,신용카드 및 할부금융업,12년차,대기업,21명,95억,26%
트랜스컨테이너아시아퍼시픽엘티디(유),외항 화물 운송업,12년차,중견기업,6명,,
그린손해보험(주),손해 보험업,,대기업,628명,,
(주)우리휴먼서비스,사업시설 유지ㆍ관리 서비스업,15년차,중견기업,603명,164억,2%
(주)국민행복기금,그 외 기타 분류 안된 금융업,14년차,대기업,1명,,
(주)인희,그 외 기타 플라스틱 제품 제조업,70년차,중견기업,10명,,
(주)이랜드위시디자인,"패션, 섬유류 및 기타 전문 디자인업",11년차,대기업,76명,,
(주)예스코컨설팅,경영 컨설팅업,4년차,대기업,1명,,
(주)대원교통,시내버스 운송업,,중견기업,342명,287억,3%
(주)메트로물류,"화물운송 중개, 대리 및 관련 서비스업",27년차,중견기업,13명,,
(주)삼정건업,비주거용 건물 임대업,10년차,대기업,5명,89억,2%
에스엠에이엠씨투자대부(주),그 외 기타 여신금융업,21년차,대기업,9명,,
해사랑태양광(주),태양력 발전업,8년차,대기업,1명,15억,2%
농업회사법인(주)삼라농원,"채소, 화훼 및 과실작물 시설 재배업",9년차,대기업,,,
(주)메디컬그룹나무,의료용품 도매업,14년차,중견기업,4명,,
(주)플럭스스페이스,"도배, 실내장식 및 내장 목공사업",9년차,1000대기업,,32억,19%
이앤씨인프라(주),비주거용 건물 임대업,14년차,대기업,,30억,5%
퍼시픽엔지니어링(주),기타 일반 기계 및 장비 수리업,,중견기업,60명,76억,8%
한불모터스(주),자동차 신품 판매업,3년차,중견기업,81명,1316억,52%
(주)에이치엠엠퍼시픽,항구 및 기타 해상 터미널 운영업,16년차,대기업,30명,340억,1%
(주)일신산업개발,사업시설 유지ㆍ관리 서비스업,,중견기업,12명,,
(주)한국글로발로지스틱스시스템,그 외 기타 전기 통신업,23년차,대기업,9명,,
(주)한국채권연구원,경제 및 경영학 연구개발업,20년차,중견기업,4명,,
(주)엑스메텍,기타 엔지니어링 서비스업,13년차,대기업,23명,17억,22%
글로벌아그로(주),비료 및 농약 도매업,19년차,중견기업,13명,13억,34%
(주)리드,보험 대리 및 중개업,,대기업,6명,15억,12%
(주)에이팩인베스터스,비주거용 건물 임대업,62년차,대기업,6명,1123억,5126%
(주)와이즈캣,유선 온라인 게임 소프트웨어 개발 및 공급업,21년차,중견기업,31명,,
서울시메트로구호선(주),도시철도 운송업,18년차,중견기업,16명,,
진양특수강(주),열간 압연 및 압출 제품 제조업,51년차,중견기업,141명,,
(주)거산교육,교과서 및 학습서적 출판업,10년차,1000대기업,,,
(주)프라임글로벌,1차 금속제품 도매업,21년차,중견기업,11명,,
(주)부영엔터테인먼트,건물용 기계ㆍ장비 설치 공사업,,대기업,10명,,
(주)에이치앤디이,간이음식 포장 판매 전문점,36년차,중견기업,181명,,
홈앤톤즈(주),벽지 및 장판류 도매업,7년차,중견기업,11명,6억,9%
정림전자(주),전기용 기계ㆍ장비 및 관련 기자재 도매업,28년차,중견기업,23명,,
(주)마포애경타운,비주거용 부동산 관리업,14년차,중견기업,6명,,
(주)윈모기지,그 외 기타 금융 지원 서비스업,17년차,대기업,158명,157억,19%
(주)빨라쪼,아이스크림 및 기타 식용빙과류 제조업,20년차,중견기업,21명,,
하이패스태양광(주),태양력 발전업,10년차,대기업,1명,,
한불엠앤에스(주),자동차 신품 판매업,,중견기업,40명,,
(주)세경오토,자동차 신품 판매업,25년차,중견기업,13명,,
(주)스트래티직마케팅,공공관계 서비스업,23년차,중견기업,13명,22억,27%
(주)디디에프엔비,상품 종합 도매업,8년차,대기업,,,
엔에이치헤지자산운용(주),신탁업 및 집합투자업,3년차,대기업,45명,268억,8947%
금양흥업(주),비주거용 건물 임대업,41년차,중견기업,5명,,
(주)내성기업,주류 도매업,30년차,중견기업,27명,1336억,1%
와이이십이프로젝트금융투자(주),비주거용 건물 임대업,17년차,중견기업,3명,,
케이씨에이서비스(주),콜센터 및 텔레마케팅 서비스업,6년차,대기업,556명,333억,6%
(주)뉴빛,가방 및 기타 보호용 케이스 제조업,,중견기업,15명,8억,7%
엘브이엠에이치패션그룹트레이딩코리아(유),가방 및 보호용 케이스 도매업,19년차,중견기업,33명,,
은평도시가스이엔지(주),연료용 가스 제조 및 배관공급업,14년차,대기업,,,
위더피플법률사무소,변호사업,,1000대기업,,,
유니버셜스튜디오코리아리조트자산관리(주),그 외 기타 분류 안된 사업지원 서비스업,14년차,대기업,,,
린나이플러스(주),가전제품 및 부품 도매업,14년차,중견기업,82명,,
(주)에스비에스네오파트너스,경영 컨설팅업,5년차,대기업,23명,,
엘케이엠에스리미티드(주),경영 컨설팅업,9년차,대기업,6명,9억,53%
아마존인슈(주),보험 대리 및 중개업,22년차,중견기업,57명,30억,19%
(주)세아스틸인터내셔날,지주회사,4년차,대기업,,,
서현이엔지(주),배관 및 냉ㆍ난방 공사업,15년차,대기업,47명,,
(주)에이치비에스라이프,커튼 및 침구용품 도매업,20년차,중견기업,187명,,
(주)에이제이피,그 외 기타 분류 안된 사업지원 서비스업,4년차,중견기업,349명,,
(주)딜라이브서울경기케이블티브이,유선 방송업,,중견기업,92명,107억,6%
한일건재(주),일반 화물자동차 운송업,9년차,중견기업,56명,660억,7%
(유)한일자산관리앤투자,주거용 부동산 관리업,17년차,중견기업,110명,,
(주)한웰,비주거용 건물 임대업,34년차,중견기업,11명,,
(주)케이엔이글로벌,셔츠 및 블라우스 제조업,20년차,중견기업,3명,,
부강주택관리(주),주거용 부동산 관리업,,대기업,3명,3억,4%
(주)동아애드넷,광고 대행업,13년차,중견기업,26명,,
(주)디시네마오브코리아,기타 산업용 기계 및 장비 임대업,14년차,대기업,4명,,
용산도시가스이엔지(주),그 외 기타 분류 안된 사업지원 서비스업,14년차,대기업,50명,23억,4%
나라대부금융(주),그 외 기타 여신금융업,18년차,대기업,2명,,
(주)세코글로벌,기타 자동차 신품 부품 및 내장품 판매업,18년차,중견기업,6명,,
충주보라매(주),주거용 건물 임대업,17년차,대기업,3명,,
엔에이치저축은행(주),상호저축은행 및 기타 저축기관,11년차,대기업,146명,946억,5%
롯데디에프리테일(주),대형 마트,,대기업,41명,,
(주)라도,건물 건설업,8년차,대기업,2명,36억,454%
(주)시티글로벌,주거용 건물 건설업,10년차,대기업,15명,,
덱세리얼즈코리아(주),기타 화학물질 및 화학제품 도매업,10년차,중견기업,27명,784억,29%
(주)에버영코리아,교육관련 자문 및 평가업,9년차,대기업,413명,73억,16%
한맥투자증권(주),증권 중개업,,대기업,172명,,
케이텍서비스(주),임시 및 일용 인력 공급업,19년차,중견기업,464명,,
두루약품(주),의약품 도매업,21년차,중견기업,25명,,
(주)정우엠아이티,1차 금속제품 도매업,18년차,중견기업,12명,436억,19%
(주)스타마크,콜센터 및 텔레마케팅 서비스업,16년차,중견기업,797명,80억,81%
(주)엠지엑스,의료기기 도매업,,중견기업,2명,51억,25%
(주)레이스타,상품 종합 도매업,22년차,중견기업,3명,,
(주)보스크리에이티브,전자상거래 소매업,11년차,1000대기업,15명,,
(주)지앤디전자,상용 인력 공급 및 인사관리 서비스업,11년차,중견기업,252명,140억,15%
송원물산(주),비주거용 건물 임대업,43년차,중견기업,1명,,
(주)에이치씨네트웍스,상품 종합 도매업,13년차,중견기업,5명,,
대신자원(주),연탄 및 기타 석탄 가공품 제조업,,중견기업,9명,,
유광에너지(주),배관 및 냉ㆍ난방 공사업,15년차,대기업,,16억,9%
(주)남산약품,의약품 도매업,17년차,중견기업,3명,116억,71%
신도중앙판매(주),사무용 가구 및 기기 도매업,23년차,중견기업,80명,566억,3%
(주)아웃도어글로벌,일반 서적 출판업,11년차,중견기업,25명,,
(주)매그너스홀딩스,지주회사,7년차,대기업,2명,286억,11%
(주)교원여행,여행사업,,중견기업,9명,,
(주)에브리싱코리아,기타 음향기기 제조업,16년차,중견기업,49명,32억,6%
(주)디에이에프에스,자동차 임대업,14년차,중견기업,2명,,
(주)보스톤메탈,금속광물 도매업,13년차,중견기업,2명,4198억,44%
진인해운(주),상품 종합 도매업,19년차,중견기업,,,
(주)프로케어,사업시설 유지ㆍ관리 서비스업,8년차,대기업,314명,134억,1%
우민해운(주),외항 화물 운송업,16년차,중견기업,13명,,
브이아이피키드(주),컴퓨터시스템 통합 자문 및 구축 서비스업,4년차,중견기업,,,
(주)에이이노텍,유선 통신장비 제조업,15년차,1000대기업,6명,,
(주)교원인베스트,기타 금융 투자업,11년차,대기업,11명,,
(주)에스앤제이네트웍스,콜센터 및 텔레마케팅 서비스업,25년차,중견기업,390명,117억,4%
국양해운(주),"화물운송 중개, 대리 및 관련 서비스업",,중견기업,5명,,
(주)에이비웍스,응용 소프트웨어 개발 및 공급업,11년차,중견기업,10명,15억,50%
민메탈스코리아(주),1차 금속제품 도매업,28년차,중견기업,9명,,
신성장동력그린퓨처사모투자전문회사,기타 금융 투자업,13년차,대기업,,20억,131178%
송도파워(주),비주거용 건물 임대업,14년차,대기업,4명,10억,2%
(주)티앤케이정보,통신 재판매업,14년차,대기업,8명,51억,34%
효동개발(주),토공사업,37년차,중견기업,54명,192억,20%
(주)미래와가치,주거용 건물 개발 및 공급업,13년차,중견기업,9명,18억,222%
(주)이채널,프로그램 공급업,22년차,대기업,23명,,
이오(주),"근무복, 작업복 및 유사의복 제조업",10년차,중견기업,33명,,
금호고속관광(주),그 외 기타 분류 안된 사업지원 서비스업,8년차,대기업,,,
(주)미래넷,응용 소프트웨어 개발 및 공급업,,중견기업,10명,,
리틀스텔라(주),유아용 의복 제조업,4년차,"중소기업,1000대기업",13명,27억,226%
신성반도체(주),전기용 기계ㆍ장비 및 관련 기자재 도매업,,중견기업,34명,2807억,20%
(주)하이아트이앤씨,주거용 건물 건설업,12년차,중견기업,8명,,
장보원세무회계사무소,세무·회계,19년차,1000대기업,3명,,
제이에이이코리아(주),전지 및 케이블 도매업,26년차,중견기업,17명,,
코웨이홀딩스(주),그 외 기타 분류 안된 금융업,10년차,대기업,4명,3056억,358%
(주)넥센디앤에스,비주거용 건물 임대업,13년차,중견기업,5명,27억,1%
대한에프에쓰에쓰(주),기관 구내식당업,12년차,중견기업,,115억,14%
경산에코에너지(주),사업시설 유지ㆍ관리 서비스업,11년차,중견기업,1명,,
조강해운(주),외항 화물 운송업,21년차,중견기업,4명,,
(주)참존모터스,자동차 신품 판매업,18년차,중견기업,1명,,
국민유선방송투자(주),그 외 기타 분류 안된 금융업,15년차,대기업,2명,,
(주)마크호텔,호텔업,9년차,중견기업,102명,,
(주)한유넥스텔,통신ㆍ방송장비 및 부품 도매업,10년차,중견기업,25명,,
(주)굿맨상사,남녀용 겉옷 및 셔츠 도매업,23년차,중견기업,9명,,
(유)애플디아이,가전제품 및 부품 도매업,9년차,중견기업,8명,,
(주)프라임상호저축은행,상호저축은행 및 기타 저축기관,,대기업,113명,,
티지솔라넷(주),일반전기 공사업,8년차,대기업,,,
(주)그리니건설,단독 주택 건설업,7년차,중견기업,5명,,
강북도시가스서비스(주),그 외 기타 분류 안된 사업지원 서비스업,15년차,대기업,58명,22억,8%
이모지게임즈유한책임회사(영업소),모바일 게임 소프트웨어 개발 및 공급업,10년차,1000대기업,10명,1억,154%
(주)제니엘플러스,임시 및 일용 인력 공급업,11년차,중견기업,88명,21억,6%
(주)평화종합건설,건물 건설업,13년차,중견기업,21명,311억,38%
폴라에너지앤마린(주),외항 여객 운송업,12년차,중견기업,6명,,
(주)신동,비알코올음료 도매업,56년차,중견기업,6명,133억,1%
씨엔지서비스(주),그 외 기타 분류 안된 사업지원 서비스업,9년차,1000대기업,6명,,
(주)온세인터내셔널,1차 금속제품 도매업,21년차,중견기업,8명,,
(주)어썸크레이티브,광고 대행업,9년차,1000대기업,5명,,
서경에너지서비스(주),그 외 기타 분류 안된 사업지원 서비스업,15년차,대기업,,,
(주)이지오스,콜센터 및 텔레마케팅 서비스업,23년차,중견기업,139명,,
(주)더파아랑,기타 화학물질 및 화학제품 도매업,14년차,중견기업,7명,1210억,2%
아사아블로이코리아(주)유니락,전기·전자·제어,14년차,대기업,21명,65억,1%
(주)브이샘,비금속광물 분쇄물 생산업,20년차,중견기업,18명,,
(주)고려에이치씨,지주회사,,중견기업,18명,675억,280%
마포도시가스이엔지(주),그 외 기타 분류 안된 사업지원 서비스업,14년차,대기업,,18억,5%
엔에이치엔인베스트먼트(주),기타 금융 투자업,12년차,대기업,8명,,
아이에스해운(주),외항 화물 운송업,12년차,중견기업,1명,,
(주)아이앤티디씨,주거용 건물 개발 및 공급업,,중견기업,5명,2144억,113%
대상종합개발(주),주거용 건물 건설업,21년차,중견기업,11명,1493억,4%
중앙프라퍼티(주),비주거용 건물 임대업,22년차,중견기업,4명,96억,165%
한로해운(주),"화물운송 중개, 대리 및 관련 서비스업",,중견기업,6명,,
(주)훼미모드,속옷 및 잠옷 도매업,,중견기업,14명,112억,1%
(주)드림플,1차 금속제품 도매업,18년차,중견기업,5명,,
진안씨앤씨(주),기타 산업용 기계 및 장비 임대업,21년차,1000대기업,7명,15억,9%
홍대입구동교동프로젝트금융투자(주),비주거용 건물 개발 및 공급업,7년차,대기업,2명,,
(주)베스트윈테크,그 외 기타 개인 및 가정용품 수리업,13년차,중견기업,4명,,
(주)한국풀네트웍,기타 산업용 기계 및 장비 임대업,21년차,중견기업,7명,,
(주)반도,주거용 건물 개발 및 공급업,13년차,중견기업,5명,,
(주)와이비엠제이아이에스,기타 교육지원 서비스업,12년차,중견기업,262명,,
(주)우정사업본부(우체국택배),운송·운수·물류,122년차,1000대기업,,,
(주)루첸파크,단독 주택 건설업,15년차,중견기업,6명,,
(주)로하스아카데미,비주거용 건물 임대업,,중견기업,28명,34억,10%
(주)엠딕,경영 컨설팅업,3년차,중견기업,,,
대한강군비씨앤(주),유선 통신업,13년차,대기업,4명,109억,1%
(주)에이치엠티메가라인,외항 화물 운송업,13년차,중견기업,5명,,
태경에프앤지(주),간이음식 포장 판매 전문점,,중견기업,14명,,
효성투자개발(주),기타 부동산 임대업,,대기업,2명,5억,2%
한국로지스틱스(주),일반 화물자동차 운송업,6년차,중견기업,1명,170억,13%
디에이치호림(주),의약품 도매업,15년차,중견기업,13명,202억,5%
(주)경기라이프,사업시설 유지ㆍ관리 서비스업,15년차,중견기업,4명,,
(유)청심,간이음식 포장 판매 전문점,20년차,"대기업,1000대기업",134명,160억,68%
케이제이에스마린(주),그 외 기타 분류 안된 금융업,8년차,대기업,,84억,269%
디앤디파트너스(주),그 외 기타 건축자재 도매업,16년차,중견기업,9명,,
(주)스포엑스컴,"전시, 컨벤션 및 행사 대행업",9년차,중견기업,10명,30억,8%
(주)에이치디씨민간임대주택제1호위탁관리부동산투자회사,부동산 중개 및 대리업,5년차,대기업,1명,20억,490%
한일인터내셔널(주),상품 종합 중개업,4년차,중견기업,9명,1178억,58%
진안물사랑(주),사업시설 유지ㆍ관리 서비스업,12년차,대기업,5명,,
(주)시사매거진,잡지 및 정기간행물 발행업,12년차,중견기업,2명,3억,53%
(주)골프존카운티자산관리,골프장 운영업,16년차,중견기업,37명,,
서울유스호스텔,기타 일반 및 생활 숙박시설 운영업,,1000대기업,,24억,6%
(주)참파트너스,경영 컨설팅업,14년차,대기업,24명,,
(주) 새롬도시개발,부동산·임대·중개,5년차,중견기업,100명,,
(주)모두투어인터내셔널,여행사업,14년차,중견기업,38명,15억,10%
미래(주),사업시설 유지ㆍ관리 서비스업,12년차,대기업,4명,,
프라임에셋,증권·보험·카드,13년차,중견기업,"12,000명",,
(주)케이오에스개발,비주거용 건물 임대업,14년차,중견기업,3명,12억,2%
케이씨브이씨에스(주),환경 관련 엔지니어링 서비스업,4년차,중견기업,22명,190억,213%
세무법인텍스테크,세무·회계,,1000대기업,6명,,
(주)티피아이메가라인,외항 화물 운송업,14년차,중견기업,6명,,
(주)니브,전자상거래 소매업,9년차,1000대기업,,12억,270%
(주)엘아이지,지주회사,17년차,중견기업,13명,348억,239%
해율한의원,한의원,,1000대기업,4명,5억,6%
(주)바른손크리에이티브,기타 게임 소프트웨어 개발 및 공급업,,중견기업,27명,,
배곧랜드마크피에프브이(주),주거용 건물 개발 및 공급업,7년차,대기업,2명,,
페트로플러스로지스틱스(주),외항 화물 운송업,17년차,중견기업,7명,,
관악도시가스서비스(주),배관 및 냉ㆍ난방 공사업,14년차,대기업,,,
신원지엘에스(주),비주거용 건물 임대업,12년차,중견기업,44명,75억,9%
(주)조은프로소싱,상용 인력 공급 및 인사관리 서비스업,12년차,중견기업,69명,18억,12%
아주이파킹논현3호(주),주차장 운영업,12년차,중견기업,,16억,1%
합덕산업단지개발(주),기타 부동산 개발 및 공급업,16년차,중견기업,1명,,
(주)영풍항공여행사,여행사업,30년차,대기업,8명,,
(주)알보젠코리아홀딩스,지주회사,10년차,중견기업,4명,118억,68%
화랑관사비티엘(주),비주거용 부동산 관리업,13년차,대기업,,,
(주)뉴폴라리스,"영화, 비디오물 및 방송프로그램 제작 관련 서비스업",5년차,중견기업,,,
알앤디잉글리쉬학원,일반 교과 학원,,1000대기업,,,
티안디파트너스(주),응용 소프트웨어 개발 및 공급업,22년차,중견기업,22명,,
놀텍코리아(주),기타 건물 관련설비 설치 공사업,,중견기업,26명,,
(주)챔프비전,방송 프로그램 제작업,17년차,대기업,6명,,
남우관광(주),호텔업,,중견기업,4명,,
삼호코넨(주),콘크리트 및 철근 공사업,12년차,중견기업,5명,6억,569%
엠비에스파트너스(주),비주거용 부동산 관리업,23년차,중견기업,246명,,
(주)아이알엠,전자감지장치 제조업,8년차,중견기업,1명,1억,1994%
롱샹(유),기타 금융 투자업,4년차,대기업,,68억,2411259%
인터오션코포레이션(주),상품 종합 중개업,5년차,1000대기업,,,
비앤피월드(주),육류 기타 가공 및 저장처리업 (가금류 제외),9년차,1000대기업,20명,79억,20%
(주)에스제이이앤씨,단독 주택 건설업,22년차,중견기업,7명,,
유미개발(주),비주거용 건물 임대업,,대기업,4명,,
(주)현대에이치씨엔,유선 방송업,2년차,대기업,426명,,
(주)지성에너지,액체연료 및 관련제품 도매업,8년차,중견기업,4명,,
(주)고려여행사네트워크,여행사업,15년차,중견기업,13명,,
(주)스피디인터내셔널,시각 디자인업,9년차,1000대기업,13명,27억,27%
대용무역(주),상품 종합 도매업,21년차,중견기업,11명,,
(주)대교발산지점(강서사업국),교재·학습지,26년차,중견기업,"2,830명",,
티에프산업개발(주),주거용 건물 개발 및 공급업,19년차,중견기업,7명,24억,53%
원형철강(주),1차 금속제품 도매업,22년차,중견기업,주명순,,
(주)티에스신용투자대부,그 외 기타 여신금융업,,대기업,2명,6억,47%
골든자원개발(주),원유 및 천연가스 채굴업,9년차,중견기업,5명,,
판코리아메탈(주),1차 금속제품 도매업,,중견기업,7명,,
파밀리에건설(주),주거용 건물 개발 및 공급업,13년차,중견기업,4명,101억,221%
아이기스원(주),그 외 기타 분류 안된 금융업,8년차,중견기업,4명,,
(주)호반주택,주거용 건물 개발 및 공급업,8년차,대기업,4명,,
(주)윈브릿지캐피탈,기타 금융 투자업,12년차,대기업,11명,8억,21%
구미그린워터(주),환경 관련 엔지니어링 서비스업,10년차,대기업,2명,128억,11%
(주)밀크컴퍼니,광고 대행업,11년차,1000대기업,6명,,
(주)신도에이스,사무용 가구 및 기기 도매업,,중견기업,11명,,
엔에프컨소시엄(주),기타 부동산 개발 및 공급업,,중견기업,1명,,
(주)비트윈웰니스,종합 스포츠시설 운영업,9년차,중견기업,,,
우림건설산업(주),비주거용 건물 개발 및 공급업,21년차,중견기업,1명,,
(주)에스와이티에탄올,상품 종합 도매업,,중견기업,,,
무한투자(주),기타 금융 투자업,,중견기업,박동명,,
(주)씨에스텍플러스,"도배, 실내장식 및 내장 목공사업",9년차,1000대기업,19명,,
화천병영사랑(주),사업시설 유지ㆍ관리 서비스업,13년차,중견기업,,,
서울씨엔지(주),기체연료 및 관련제품 도매업,13년차,대기업,31명,,
(주)대양해군,사업시설 유지ㆍ관리 서비스업,12년차,중견기업,4명,50억,4%
(주)프라이머시즌5,경영 컨설팅업,5년차,대기업,,3억,17%
디자인 H.S,건설업,31년차,1000대기업,6명,,
(주)연합기술정보,컴퓨터 및 주변 기기 수리업,12년차,중견기업,,,
(주)다나인터내셔날,"근무복, 작업복 및 유사의복 제조업",10년차,1000대기업,5명,35억,53%
대전맑은물(주),사업시설 유지ㆍ관리 서비스업,12년차,대기업,,,
(주)지산금속,1차 금속제품 도매업,17년차,중견기업,1명,,
부국강병(주),사업시설 유지ㆍ관리 서비스업,12년차,중견기업,4명,24억,25%
(주)웅진에버스카이,상품 종합 도매업,7년차,중견기업,,,
스니에그,1000대기업,,1000대기업,,,
건완실업(주),비주거용 건물 개발 및 공급업,15년차,중견기업,1명,602억,80%
두루케미칼(주),계면활성제 제조업,,중견기업,1명,,
대한해운엘엔지(주),외항 화물 운송업,2년차,중견기업,328명,,
(주)우리디앤티,간판 및 광고물 제조업,12년차,1000대기업,,56억,24%
(주)정암에이치앤디,주거용 건물 개발 및 공급업,13년차,중견기업,1명,350억,71%
녹색지팡이(주),기타 정보기술 및 컴퓨터운영 관련 서비스업,18년차,중견기업,1명,,
(주)선진계룡관리,사업시설 유지ㆍ관리 서비스업,12년차,중견기업,4명,,
동광기획,출판·인쇄·사진,7년차,중견기업,3명,,
(주)인슈어런스파이낸스메타넷,보험 대리 및 중개업,15년차,중견기업,,,
유나이티드피에프제일(주),그 외 기타 분류 안된 금융업,11년차,대기업,1명,,
(주)코크렙파인에비뉴위탁관리부동산투자회사,비주거용 건물 임대업,9년차,중견기업,4명,,
청룡화랑(주),사업시설 유지ㆍ관리 서비스업,13년차,중견기업,,37억,38%
에이엠플러스피에프브이기흥(주),주거용 건물 개발 및 공급업,8년차,중견기업,1명,,
(주)선진육군,비주거용 부동산 관리업,11년차,중견기업,4명,,
와이에스엘쉬핑(주),통관 대리 및 관련서비스업,15년차,중견기업,19명,42억,17%
(주)선오컴퍼니,면직물 직조업,10년차,1000대기업,4명,,
베이포리움,"떡, 빵 및 과자류 제조업",,1000대기업,,,
상아아카데미(주),기숙사 및 고시원 운영업,13년차,중견기업,4명,30억,5%
카페스트라쎄상암디엠씨(주),커피 전문점,20년차,대기업,1명,1억,22%
부산인베스트먼트(주),지주회사,12년차,중견기업,,,
강동프로젝트금융투자(주),비주거용 건물 개발 및 공급업,11년차,대기업,4명,694억,27%
(주)코지드,기타 가공식품 도매업,14년차,중견기업,5명,,
(주)코크렙엔피에스제일호위탁관리부동산투자회사,비주거용 건물 임대업,16년차,중견기업,,,
하이디에이치씨일호(주),그 외 기타 분류 안된 금융업,9년차,대기업,,,
새롬파트너스(주),단독 주택 건설업,13년차,중견기업,2명,,
(주)찌레본파워홀딩스,기타 금융 투자업,13년차,대기업,4명,,
(주)크루즈인터내셔널,여행사업,22년차,중견기업,,3억,33%
진천그린환경(주),사업시설 유지ㆍ관리 서비스업,15년차,중견기업,4명,,
문학세계사,일반 서적 출판업,,1000대기업,5명,3억,8%
세무사장범석사무소,세무사업,,1000대기업,,,
미래열린치과,치과 병원,,1000대기업,,,
오산파랑새학당(주),사업시설 유지ㆍ관리 서비스업,13년차,중견기업,4명,,
(주)서울리츠임대주택제1호위탁관리부동산투자회사,기타 부동산 개발 및 공급업,7년차,중견기업,1명,41억,83%
(주)루젠,광고 대행업,17년차,1000대기업,,5억,115%
(주)리드컴,광고 대행업,5년차,중견기업,4명,,
EasyOpen,실내·인테리어·조경,19년차,1000대기업,3명,5억,10%
(유)서빈유통,"산업용 농ㆍ축산물, 섬유 원료 및 동물 중개업",24년차,중견기업,2명,11억,8%
하이디엠일호(주),그 외 기타 분류 안된 금융업,9년차,대기업,,,
하이에이치디(주),그 외 기타 분류 안된 금융업,7년차,대기업,,7억,2%
(주)안나트레이딩,그 외 기타 생활용품 도매업,9년차,1000대기업,,,
불타는곱창,한식 일반 음식점업,,1000대기업,,7억,33%
위니컴,"광고물 문안, 도안, 설계 등 작성업",,1000대기업,,,
우림디엔피(주),아파트 건설업,,중견기업,2명,,
GoodWe코리아(주),전기·전자·제어,3년차,중견기업,8명,,
엠에스컴퍼니,"그 외 기타 분류 안된 전문, 과학 및 기술 서비스업",,1000대기업,6명,,
(주)에스비성남,주거용 건물 임대업,17년차,중견기업,이명호,,
만도레이져,동력식 수지공구 제조업,,1000대기업,,,
하이디엠이호(주),그 외 기타 분류 안된 금융업,9년차,대기업,,,
안양성우(주),비주거용 부동산 관리업,12년차,중견기업,4명,,
파주통일빌리지(주),사업시설 유지ㆍ관리 서비스업,12년차,중견기업,4명,19억,4%
호국타운(주),비주거용 부동산 관리업,,중견기업,4명,7억,1%
에이엠플러스피에프브이정자(주),주거용 건물 개발 및 공급업,10년차,중견기업,1명,,
이나인크리에이티브랩,"전시, 컨벤션 및 행사 대행업",,1000대기업,2명,,
바다로에스지일호(주),그 외 기타 분류 안된 금융업,10년차,대기업,,,
바다로디에이치일호(주),그 외 기타 분류 안된 금융업,9년차,대기업,,,
기술교육지킴이(주),사업시설 유지ㆍ관리 서비스업,13년차,중견기업,4명,,
대구보라매(주),주거용 건물 임대업,12년차,대기업,4명,,
우리병영(주),사업시설 유지ㆍ관리 서비스업,13년차,중견기업,1명,28억,8%
남두빌딩,비주거용 건물 임대업,,1000대기업,,,
에이앤이일오삼,"도배, 실내장식 및 내장 목공사업",,1000대기업,,,
파주병영(주),비주거용 부동산 관리업,12년차,중견기업,1명,,
충성타운(주),사업시설 유지ㆍ관리 서비스업,,중견기업,4명,6억,1%
세무사심점섭사무소,세무사업,,1000대기업,4명,,
우림치과의원,치과 의원,,1000대기업,,4억,9%
에지워터파트너스(주),투자 자문업 및 투자 일임업,9년차,대기업,2명,1억,881%
하이케이에스(주),그 외 기타 분류 안된 금융업,,대기업,,,
첫가입익스,호텔·여행·항공,7년차,중견기업,"1,119명",30억,200%
